北京,S1线,苹果园
南京,S1号线(机场线),空港新城江宁
深圳,1号线/罗宝线,罗湖
香港,迪士尼,迪士尼
武汉,1号线,汉口北
天津,1号线,刘园
南京,S1号线(机场线),禄口机场
天津,1号线,瑞景新苑
广州,1号线,西塱
北京,S1线,金安桥
南京,S1号线(机场线),翔宇路南
武汉,1号线,滠口新城
香港,迪士尼,欣澳
广州,1号线,坑口
深圳,1号线/罗宝线,国贸
天津,1号线,佳园里
,翔宇路北
上海,1号线,莘庄
北京,S1线,四道桥
,(R-t|),
ɶ,1(-Τ),
武汉,1号线,滕子岗
广州,1号线,西塱
天津,1号线,刘园
广州,1号线,坑口
香港,迪士尼,迪士尼
南京,S1号线(机场线),空港新城江宁
天津,1号线,瑞景新苑
上海,1号线,莘庄
广州,1号线,花地湾
天津,1号线,佳园里
上海,1号线,外环路
香港,迪士尼,欣澳
南京,S1号线(机场线),禄口机场
广州,1号线,芳村
北京,S1线,苹果园
武汉,1号线,汉口北
上海,1号线,莲花路
天津,1号线,本溪路
南京,S1号线(机场线),翔宇路南
上海,1号线,锦江乐园
杭州,1号线,湘湖
天津,1号线,勤俭道
沈阳,1号线,黎明广场
武汉,1号线,滠口新城
大连,1号线,姚家
重庆,1号线,朝天门
广州,1号线,黄沙
,(R-t|),
北京,S1线,金安桥
天津,1号线,洪湖里
武汉,1号线,滕子岗
南京,S1号线(机场线),翔宇路北
大连,1号线,大连北站
,(R-t|),չ
杭州,1号线,滨康路
上海,1号线,上海南站
,1(·-ѧ),·
佛山,南海有轨电车1号线,礌岗
天津,1号线,西站
北京,S1线,四道桥
广州,1号线,长寿路
苏州,1号线,木渎
重庆,1号线,小什字
南京,S1号线(机场线),正方中路
武汉,1号线,堤角
长春,1号线,北环城路
沈阳,1号线,滂江街
北京,S1线,桥户营
宁波,1号线,霞浦
青岛,1号线,东郭庄
哈尔滨,1号线,新疆大街
大连,1号线,华北路
ɶ,1(-Τ),
合肥,1号线,丙子铺
大连,1号线,华南北
青岛,1号线,沟岔
哈尔滨,1号线,渤海路
石家庄,1号线,西王
苏州,1号线,金枫路
济南,1号线,方特
南昌,1号线,双港
ɶ,1(-Τ),㶼
济南,1号线,济南西站
兰州,1号线,陈官营
苏州,1号线,汾湖路
南宁,1号线,火车东站
深圳,1号线/罗宝线,罗湖
郑州,1号线,河南工业大学
长沙,1号线,开福区政府
南京,S1号线(机场线),吉印大道
,(R-t|),|
哈尔滨,1号线,镜泊路
呼和浩特,1号线,伊利健康谷
广州,1号线,陈家祠
佛山,南海有轨电车1号线,华翠路
沈阳,1号线,东中街
长沙,1号线,马厂
沈阳,1号线,中街
重庆,1号线,较场口
东莞,2号线,东莞火车站
杭州,1号线,西兴
上海,1号线,漕宝路
乌鲁木齐,1号线,国际机场
徐州,1号线,路窝
无锡,S1线,堰桥
工业园
温州,S1线,桐岭
北京,S1线,上岸
福州,1号线,象峰
沈阳,1号线,怀远门
宁波,1号线,长江路
天津,1号线,西北角
长春,1号线,庆丰路
,1(·-ѧ),վ
常州,1号线,森林公园
洛阳,1号线,红山

西安,1号线,咸阳西站
武汉,1号线,新荣
无锡,S1线,马镇
宁波,1号线,中河路
南昌,1号线,孔目湖
合肥,1号线,万年埠
石家庄,1号线,时光街
青岛,1号线,农业大学
大连,1号线,华南广场
ɶ,1(-Τ),ĺ
长沙,1号线,北辰三角洲
ɶ,1(-Τ),
武汉,1号线,丹水池
兰州,1号线,奥体中心
深圳,1号线/罗宝线,国贸
郑州,1号线,郑大科技园
苏州,1号线,玉山路
南宁,1号线,佛子岭
温州,S1线,潘桥
,(R-t|),Ƕ
南京,S1号线(机场线),河海大学·佛城西路
天津,1号线,西南角
佛山,南海有轨电车1呼和浩特,1哈尔滨,1号线,镜泊路
重庆,1号线,七星岗
贵阳,1号线,清水江路
济南,1号线,王府庄
乌鲁木齐,1号线,大上海,1号线,上海体育馆
东莞,2号线,茶山
徐州,1号线,杏山子
北京,S1线,栗园庄
福州,1号线,秀山
沈阳,1号线,青年大街
温州,S1线,动车南站
南昌,1号线,长江路
宁波,1号线,松花江路
无锡,S1线,青阳
厦门,1号线,中山公园
常州,1号线,新龙
长春,1号线,一匡街
),
西安,1号线,宝泉路
洛阳,1号线,谷水
,(R-t|),
合肥,1号线,万达城
长沙,1号线,开福寺
大连,1号线,千山路
石家庄,1号线,长城桥
青岛,1号线,正阳中路
南昌,1号线,珠江路
无锡,S1线,峭岐
南昌,1号线,庐山南大道
,1(·-ѧ),·
无锡,S1线,南闸
温州,S1线,新桥
郑州,1号线,郑州大学
太原,2号线,胜利街
ɶ,1(-Τ),츮
南京,S1号线(机场线),翠屏山
南宁,1号线,百花岭
武汉,1号线,徐州新村
兰州,1号线,兰州城市学院(省科技馆)
深圳,1号线/罗宝线,老街
苏州,1号线,狮子山
温州,S1线,德政
太原,2号线,大北门
,1(·-ѧ),׼Ұ
济南,1号线,玉符河
ɶ,1(-Τ),츮
东
沈阳,1号线,南市场
呼和浩特,1号线,孔家营
上海,1号线,徐家汇
乌鲁木齐,1号线,宣仁墩
哈尔滨,1号线,瓦盆窑
重庆,1号线,两路口
西安,1号线,中华西路
徐州,1号线,韩山
天津,1号线,二纬路
福州,1号线,罗汉山
厦门,1号线,将军祠
洛阳,1号线,秦岭路
东莞,2号线,榴花公园
杭州,1号线,江陵路
宁波,1号线,大碶
校
长春,1号线,长春站北
贵阳,1号线,长江路
青岛,1号线,小寨子
大连,1号线,松江路
,(R-t|),Χ
石家庄,1号线,和平医院
长沙,1号线,文昌阁
武汉,1号线,二七路
,1(·-ѧ),·
南昌,1号线,绿茵路
无锡,S1线,江阴高铁站
徐州,1号线,工农路
长沙,1号线,培元桥
武汉,1号线,头道街
深圳,1号线/罗宝线,大剧院
兰州,1号线,兰州海关
郑州,1号线,梧桐街
温州,S1线,龙霞路
苏州,1号线,塔园路
站
南京,S1号线(机场线),南京南站
徐州,1号线,人民广场
温州,S1线,惠民路
太原,2号线,缉虎营
杭州,1号线,近江
温州,S1线,三垟湿地
石家庄,1号线,烈士陵园
太原,2号线,府西街
厦门,1号线,文灶
济南,1号线,赵营
呼和浩特,1号线,呼钢南路
广州,1号线,农讲所
沈阳,1号线,太原街
西安,1号线,安谷
哈尔滨,1号线,同江路
宁波,1号线,邬隘
佛山,南海有轨电车1号线,康怡公园
青岛,1号线,凤岗路
长春,1号线,长春站
南昌,1号线,卫东
大连,1号线,东纬路
天津,1号线,海光寺
上海,1号线,衡山路
洛阳,1号线,武汉路
重庆,1号线,鹅岭
北京,S1线,石厂
乌鲁木齐,1号线,三工
东莞,2号线,下桥
ɶ,1(-Τ),ͳ
贵阳,1号线,珠江路
福州,1号线,福州火车站
合肥,1号线,金斗公园
厦门,1号线,湖滨东路
,(R-t|),ɳ
福州,1号线,斗门
无锡,S1线,江阴中医院
,1(·-ѧ),
长沙,1号线,五一广场
兰州,1号线,马滩
深圳,1号线/罗宝线,科学馆
西安,1号线,陈杨寨
苏州,1号线,滨河路
南京,1号线,中国郑州,1号线,兰寨
武汉,1号线,黄浦路
,1(·-ѧ),·
徐州,1号线,苏堤路
武汉,1号线,三阳路
南站
长沙,1号线,黄兴广场
,(R-t|),̿
沈阳,1号线,沈阳站
青岛,1号线,流亭
济南,1号线,紫薇路
合肥,1号线,塘西河公园
太原,2号线,开化寺街
南宁,1号线,东盟商务区
徐州,1号线,徐医附院
大连,1号线,春柳
厦
石家庄,1号线,新百广场

郑州,1号线,铁炉
呼和浩特,1号线,西龙王庙
南京,1号线,南京交院
线,平西
广州,1号线,烈士陵园
苏州,1号线,西环路
杭州,1号线,婺江路
徐州,1号线,彭城广场
,1(·-ѧ),ҫ·
温州,S1线,龙腾路
呼和浩特,1号线,乌兰夫纪念馆
哈尔滨,1号线,哈达
兰州,1号线,兰州西站北广场
上海,1号线,常熟路
常州,1号线,常州北站
重庆,1号线,大坪
北京,1号线八通线,古城
宁波,1号线,宝幢
天津,1号线,鞍山道
长春,1号线,胜利公园
温州,S1线,科技城
乌鲁木齐,1号线,迎宾路口
东莞,2号线,天宝
厦门,1号线,莲坂
洛阳,1号线,长安路
贵阳,1号线,望城坡
ɶ,1(-Τ),ǹ㳡
长春,1号线,人民广场
长春,1号线,解放大路
贵阳,1号线,沙冲路
西安,1号线,白马河
无锡,S1线,南门
福州,1号线,树兜
ɶ,1(-Τ),԰
福州,1号线,屏山
合肥,1号线,紫庐
,(R-t|),太石家庄,1号线,解放广场
长沙,1号线,南门口
大连,1号线,香工街

武汉,1号线,大智路
南宁,1号线,万象城
郑州,1号线,市民中心
沈阳,1号线,云峰北街
青岛,1号线,仙家寨(汽车北站)
南京,1号线,南医大·江苏经贸学院
苏州,1号线,桐泾北路
广州,1号线,东山口
佛山,南海有轨电车1号线,平南
深圳,1号线/罗宝线,岗厦
哈尔滨,1号线,医大二院
徐州,1号线,民主北路
杭州,1号线,城站
长沙,1号线,侯家塘
呼和浩特,1号线,附属医院
杭州,1号线,定安路
,1(·-ѧ),
兰州,1号线,西站什字
贵阳,1号线,贵阳火车站
天津,1号线,营口道
宁波,1号线,五乡
重庆,1号线,石油路
上海,1号线,陕西南路
北京,1号线八通线,八角游乐园
常州,1号线,北郊中学
,(R-t|),
厦门,1号线,莲花路口
温州,S1线,瑶溪
乌鲁木齐,1号线,植物园
洛阳,1号线,上海市场
东莞,2号线,东城
兰州,1号线,七里河
武汉,1号线,循礼门
太原,2号线,体育馆
中心
南宁,1号线,会展中心
苏州,1号线,广济南路
青岛,1号线,瑞金路
济南,1号线,园博园
,(R-t|),̫
广州,1号线,杨箕
沈阳,1号线,铁西广场
呼和浩特,1号线,新华广场
哈尔滨,1号线,黑龙江大学
长沙,1号线,南湖路
佛山,南海有轨电车1号线,玉器街
郑州,1号线,西流湖
石家庄,1号线,平安大街
深圳,1号线/罗宝线,会展中心
兰州,1号线,小西湖
西安,1号线,陕西中医药大学
无锡,S1线,中山公园
长春,1号线,东北师大
乌鲁木齐,1号线,体育中心
石家庄,1号线,北国商城
哈尔滨,1号线,理工大学
南宁,1号线,金湖广场
大连,1号线,兴工街
南京,1号线,天印大道
郑州,1号线,西三环
,(R-t|),
福州,1号线,东街口
ɶ,1(-Τ),ڳ
乌鲁木齐,1号线,铁路局
徐州,1号线,徐州火车站
,(R-t|),ˮ
徐州,1号线,子房山
杭州,1号线,龙翔桥
,(R-t|),
,1(·-ѧ),ϲվ
常州,1号线,外国语学校
贵阳,1号线,河滨公园
宁波,1号线,邱隘东
北京,1号线八通线,八宝山
重庆,1号线,歇台子
上海,1号线,一大会址·黄陂南路
天津,1号线,小白楼
石家庄,1号线,博物院
贵阳,1号线,中山西路
东莞,2号线,旗峰公园
温州,S1线,奥体中心
洛阳,1号线,牡丹广场
厦门,1号线,吕厝
石家庄,1号线,体育场
兰州,1号线,文化宫
苏州,1号线,养育巷
太原,2号线,南内环
济南,1号线,创新谷
长沙,1号线,黄土岭
南昌,1号线,万寿宫
呼和浩特,1号线,人民会堂
广州,1号线,体育西路
深圳,1号线/罗宝线,购物公园
青岛,1号线,遵义路
佛山,南海有轨电车1号线,中区
长春,1号线,工农广场
无锡,S1线,江阴外滩
西安,1号线,沣河森林公园
温州,S1线,永中
南京,1号线,竹山路
武汉,1号线,利济北路
哈尔滨,1号线,学府路
大连,1号线,西安路
南宁,1号线,南湖
郑州,1号线,秦岭路
温州,S1线,机场
福州,1号线,南门兜
武汉,1号线,崇仁路
ɶ,1(-Τ),
乌鲁木齐,1号线,小西沟
福州,1号线,茶亭
徐州,1号线,铜山路
乌鲁木齐,1号线,中营工
杭州,1号线,凤起路
福州,1号线,达道
,(_-t|),
常州,1号线,环球港
乌鲁木齐,1号线,新疆图书馆
,1(·-ѧ),
天津,1号线,下瓦房
宁波,1号线,东环南路
北京,1号线八通线,玉泉路
重庆,1号线,歇台子
上海,1号线,人民广场
福州,1号线,上藤
贵阳,1号线,喷水池
东莞,2号线,鸿福路
太原,2号线,王村南街
合肥,1号线,骆岗
南昌,1号线,八一馆
上海,1号线,新闸路
西安,1号线,北槐
青岛,1号线,南岭
深圳,1号线/罗宝线,香蜜湖
洛阳,1号线,七里河
兰州,1号线,西关
无锡,1号线,堰桥
济南,1号线,工研院
石家庄,1号线,北宋
苏州,1号线,乐桥
长沙,1号线,涂家冲
佛山,南海有轨电车1号线,三山新城北
厦门,1号线,乌石浦
长春,1号线,繁荣路
呼和浩特,1号线,将军衙署
广州,1号线,体育中心
沈阳,1号线,启工街
哈尔滨,1号线,和兴路
郑州,1号线,五一公园
大连,1号线,富国街
长春,1号线,卫星广场
沈阳,1号线,重工街
温州,S1线,灵昆
南京,1号线,百家湖
沈阳,1号线,迎宾路
ɶ,1(-Τ),վ
武汉,1号线,硚口路
南京,1号线,胜太路
杭州,1号线,武林广场
徐州,1号线,黄山垅
沈阳,1号线,于洪广场
南京,1号线,河定桥
,(_-t|),չ
乌鲁木齐,1号线,八楼
宁波,1号线,盛莫路
常州,1号线,新区公园
天津,1号线,南楼
北京,1号线八通线,五棵松

重庆,1号线,石桥铺
沈阳,1号线,开发大道
贵阳,1号线,北京路
东莞,2号线,西平
福州,1号线,三叉街
佛山,南海有轨电车1号线,文翰湖公园(季华实验室)
,(_-t|),|
呼和浩特,1号线,艺术学院
济南,2号线,王府庄
石家庄,1号线,谈固
南昌,1号线,八一广场
广州,1号线,广州东站
合肥,1号线,南站南广场
长沙,1号线,铁道学院
太原,2号线,长风街
深圳,1号线/罗宝线,车公庙
青岛,1号线,兴国路
苏州,1号线,临顿路
上海,1号线,汉中路
无锡,1号线,锡北运河
洛阳,1号线,王城公园
厦门,1号线,塘边
西安,1号线,上林路
沈阳,1号线,张士
呼和浩特,1号线,东影路
长春,1号线,市政府
大连,1号线,会展中心
尔滨,1号线,西大桥
南宁,1号线,民族广场
福州,1号线,白湖亭
温州,S1线,瓯江口
哈尔滨,1号线,哈工大
温州,S1线,瓯华
哈尔滨,1号线,铁路局
ɶ,1(-Τ),ͩ
徐州,1号线,庆丰路
杭州,1号线,西湖文化广场
武汉,1号线,太平洋
温州,S1线,双瓯大道
哈尔滨,1号线,博物馆
天津,1号线,土城
常州,1号线,河海
南京,1号线,双龙大道
兰州,1号线,东方红广场
贵阳,1号线,八鸽岩
重庆,1号线,高庙村
北京,1号线八通线,万寿路
木齐,1号线,王家梁
东莞,2号线,蛤地
石家庄,1号线,朝晖桥
南昌,1号线,丁公路北
佛山,南海有轨电车1号线,三山新城南
,1(·-ѧ),շ
北京,1号线八通线,公主坟
厦门,1号线,火炬园
青岛,1号线,永年路
沈阳,1号线,四号街
苏州,1号线,相门
济南,2号线,腊山南
无锡,1号线,西漳
西安,1号线,沣东自贸园
广州,佛山2号线,广州南站
上海,1号线,上海火车站
太原,2号线,学府街
,(_-t|),Ƕ
深圳,1号线/罗宝线,竹子林
长沙,1号线,友谊路
合肥,1号线,合肥南站
洛阳,1号线,解放路
呼和浩特,1号线,内蒙古展览馆
郑州,1号线,绿城广场
大连,1号线,星海广场
南宁,1号线,新民路
长春,1号线,华庆路
苏州,1号线,东环路
福州,1号线,葫芦阵
长春,1号线,红嘴子
ɶ,1(-Τ),߼
杭州,1号线,打铁关
徐州,1号线,医科大学
合肥,1号线,望湖城
武汉,1号线,宗关
苏州,1号线,中央公园
苏州,1号线,星海广场
长春,2号线,汽车公园
郑州,1号线,医学院
南宁,1号线,朝阳广场
合肥,1号线,葛大店
呼和浩特,1号线,内蒙古博物院
大连,1号线,大医二院
石家庄,1号线,白佛
佛山,南海有轨电车1号线,林岳北
佛山,南海有轨电车1号线,林岳西
南昌,1号线,师大南路
哈尔滨,1号线,医大一院
兰州,1号线,兰州大学
南京,1号线,南京南站
温州,S2线,清东路
乌鲁木齐,1号线,南湖北路
常州,1号线,奥体中心
贵阳,1号线,南垭路

天津,1号线,陈塘庄
重庆,1号线,马家岩
长沙,1号线,省政府·清风
兰州,1号线,五里铺
济南,2号线,腊山
青岛,1号线,沧安路
广州,佛山2号线,林岳东(2号线)
北京,1号线八通线,军事博物馆
深圳,1号线/罗宝厦门,1号太原,2号线,南中环
),
,(_-t|),
沈阳,1号线,七号街
西安,1号线,后卫寨
上海,1号线,中山北路
长沙,1号线,桂花坪
洛阳,1号线,周王城广场
沈阳,1号线,中央大街
福州,1号线,黄山
哈尔滨,1号线,烟厂
太原,2号线,晋阳街
东莞,2号线,寮厦
徐州,1号线,乔家湖
,(_-t|),Χ
ɶ,1(-Τ),ʡ
杭州,1号线,闸弄口
武汉,1号线,汉西一路
郑州,1号线,郑州火车站
苏州,1号线,东方之门
大连,1号线,黑石礁
合肥,1号线,秋浦河路
南宁,1号线,火车站
呼和浩特,1号线,市政府
太原,2号线,龙兴街
石家庄,1号线,留村
长春,2号线,捷达大路
,(_-t|),ɳ
佛山,南海有轨电车1号线,林岳东
南京,1号线,花神庙
南昌,1号线,彭家桥
,(_-t|),̿
贵阳,1号线,雅关
宁波,1号线,世纪大道
济南,2号线,二环西路
深圳,1号线/罗宝线,华侨城
郑州,1号线,人民路·河南中医一附院
兰州,1号线,省气象局
乌鲁木齐,1号线,南湖广场
青岛,1号线,青岛北站
重庆,1号线,小龙坎
常州,1号线,市民广场
温州,S2线,旭阳路
天津,1号线,复兴门
广州,佛山2号线,林岳西
无锡,1号线,刘潭
北京,1号线八通线,木樨地
厦门,1号线,高崎
乌鲁木齐,1号线,新兴街
沈阳,1号线,十三号街
长沙,1号线,大托
,1(·-ѧ),꿵·
厦门,1号线,集美学村
哈尔滨,1号线,工程大学
大连,1号线,学苑广场
西安,1号线,三桥
福州,1号线,排下
上海,1号线,延长路
洛阳,1号线,应天门
厦门,1号线,园博苑
徐州,1号线,金龙湖
东莞,2号线,珊美
洛阳,1号线,丽景门
南宁,1号线,白苍岭
太原,2号线,龙城公园
苏州,1号线,文化博览中心
合肥,1号线,朱岗
石家庄,1号线,火炬广场
呼和浩特,1号线,呼和浩特东站
郑州,1号线,紫荆山
ɶ,1(-Τ),
长春,2号线,西湖
杭州,1号线,火车东站
武汉,1号线,古田四路
洛阳,1号线,洛邑古城
南昌,1号线,谢家村
南京,1号线,软件大道
佛山,佛山2号线,南庄
郑州,1号线,燕庄
兰州,1号线,拱星墩
青岛,1号线,安顺路
深圳,1号线/罗宝线,世界之窗
,(_-t|),ѧ
杭州,1号线,彭埠
济南,2号线,老屯
贵阳,1号线,贵阳北站
宁波,1号线,福明路
重庆,1号线,沙坪坝
天津,1号线,华山里
温州,S2线,万岙
常州,1号线,翠竹
郑州,1号线,民航路
广州,佛山2号线,石洲
无锡,1号线,庄前
,南礼士路
杭州,1号线,七堡
乌鲁木齐,1号线,北门
郑州,1号线,会展中心
哈尔滨,1号线,太平桥
沈阳,2号线,蒲田路
长沙,1号线,中信广场
,1(·-ѧ),ѧ
ɶ,1(-Τ),
上海,1号线,上海马戏城
大连,1号线,海事大学
福州,1号线,城门
西安,1号线,皂河
沈阳,2号线,蒲河路
东莞,2号线,展览中心
厦门,1号线,杏林村
徐州,1号线,徐州东站
洛阳,1号线,夹马营
呼和浩特,1号线,后不塔气
太原,2号线,嘉节
苏州,1号线,时代广场
石家庄,1号线,石家庄东站
南宁,1号线,广西大学
合肥,1号线,合工大南区
东莞,2号线,虎门火车站
南宁,1号线,鲁班路
大连,1号线,七贤岭
佛山,佛山2号线,湖涌
南京,1号线,天隆寺
南昌,1号线,青山湖大道
武汉,1号线,古田三路
长春,2号线,双丰
石家庄,1号线,南村
青岛,1号线,胜利桥(纺织谷)
深圳,1号线/罗宝线,白石洲
兰州,1号线,焦家湾
济南,2号线,八里桥
,(_-t|),
广州,佛山2号线,仙涌
长春,2号线,长春西站
宁波,1号线,樱花公园
无锡,1号线,民丰
贵阳,1号线,白鹭湖
重庆,1号线,杨公桥
北京,1号线八通线,复兴门
常州,1号线,常州火车站
天津,1号线,财经大学
温州,S2线,盐盆
济南,2号线,益康路
,(_-t|),̫
郑州,1号线,黄河南路
哈尔滨,1号线,交通学院
长沙,1号线,尚双塘
无锡,1号线,无锡火车站
乌鲁木齐,1号线,南门
杭州,1号线,九和路
,(_-t|),
沈阳,2号线,人杰湖公园
,1(·-ѧ),ѧ
长沙,2号线,梅溪湖西
苏州,1号线,星湖街
呼和浩特,1号线,什兰岱
合肥,1号线,包公园
太原,2号线,电子西街
沈阳,2号线,辽宁大学
福州,1号线,三角埕
上海,1号线,汶水路
西安,1号线,枣园
徐州,2号线,客运北站
ɶ,1(-Τ),츮㳡
厦门,1号线,杏锦路
太原,2号线,康宁街
南宁,1号线,动物园
洛阳,1号线,启明南路
南京,1号线,安德门
南昌,1号线,高新大道
大连,1号线,河口
佛山,佛山2号线,绿岛湖
ɶ,1(-Τ),
南宁,1号线,清川
兰州,1号线,东岗
青岛,1号线,中心医院
石家庄,1号线,洨河大道
深圳,1号线/罗宝线,高新园
大连,2号线,大连北站
广州,佛山2号线,花卉世界
武汉,1号线,古田二路
ɶ,1(-Τ),Ժ
济南,2号线,济南站北
长春,2号线,兴隆堡
武汉,1号线,古田一路
温州,S2线,新望
重庆,1号线,烈士墓
北京,1号线八通线,西单
天津,1号线,双林
宁波,1号线,舟孟北路
常州,1号线,博爱路
济南,2号线,济泺路
哈尔滨,1号线,桦树街
无锡,1号线,胜利门
杭州,1号线,九堡
道桥
郑州,1号线,农业南路
,(_-t|),ˮ
天津,1号线,李楼
郑州,1号线,东风南路
,1(·-ϻվ),·
呼和浩特,1号线,白塔西
合肥,1号线,大东门
长沙,2号线,麓云路
沈阳,2号线,航空航天大学
宁波,1号线,江厦桥东
徐州,2号线,李沃
福州,1号线,胪雷
上海,1号线,彭浦新村
西安,1号线,汉城路
乌鲁木齐,1号线,新疆大学
太原,2号线,通达街
洛阳,1号线,塔湾
厦门,1号线,官任
沈阳,2号线,师范大学
南昌,1号线,艾溪湖西
佛山,佛山2号线,智慧新城
南京,1号线,中华门
无锡,1号线,三阳广场
青岛,1号线,水清沟
兰州,2号线,雁白大桥
深圳,1号线/罗宝线,深大
石家庄,1号线,西庄
南宁,1号线,民族大学
乌鲁木齐,1号线,三屯碑
广州,佛山2号线,登洲
大连,2号线,南关岭
南宁,1号线,西乡塘客运站
ɶ,1(-Τ),·
武汉,1号线,舵落口
徐州,2号线,九里山
重庆,1号线,磁器口
长春,2号线,西环城路
温州,S2线,翁垟
贵阳,1号线,阳关
北京,1号线八通线,天安门西
常州,1号线,文化宫
济南,2号线,生产路
哈尔滨,1号线,哈尔滨东站
无锡,1号线,南禅寺
杭州,1号线,客运中心
合肥,1号线,明光路
苏州,1号线,星塘街
哈尔滨,2号线,江北大学城
,(_-t|),޺
长沙,2号线,文化艺术中心
呼和浩特,1号线,坝堰(机场)
郑州,1号线,郑州东站
大连,2号线,体育中心
天津,1号线,洪泥河东
济南,2号线,北园
太原,2号线,化章西街
,1(·-ϻվ),վ
佛山,佛山2号线,张槎
南京,1号线,三山街

沈阳,2号线,医学院
上海,1号线,共康路
济南,2号线,历山路
兰州,2号线,均家滩
青岛,1号线,北岭
深圳,1号线/罗宝线,桃园
石家庄,1号线,东庄
西安,1号线,开远门
宁波,1号线,东门口
厦门,1号线,诚毅广场
南昌,1号线,太子殿
洛阳,1号线,史家湾
福州,1号线,福州火车南站
长沙,2号线,梅溪湖东
佛山,佛山2号线,石湾
南宁,1号线,鹏飞路
佛山,佛山2号线,沙岗
大连,2号线,卫生中心
大连,2号线,后革
常州,1号线,同济桥
北京,1号线八通线,天安门东
贵阳,1号线,国际生态会议中心
温州,S2线,柳市东
武汉,1号线,竹叶海
徐州,2号线,奔腾大道
重庆,1号线,石井坡
ɶ,1(-Τ),𳵱վ
呼和浩特,2号线,塔利东路
哈尔滨,2号线,哈尔滨北站
合肥,1号线,长淮
郑州,1号线,博学路
香港,东涌线,东涌
苏州,1号线,钟南街
无锡,1号线,谈渡桥
太原,2号线,西桥
大连,2号线,革镇堡
天津,1号线,高庄子
杭州,1号线,下沙西
香港,东涌线,欣澳
杭州,1号线,金沙湖
北京,1号线八通线,王府井
杭州,1号线,高沙路
长春,2号线,万福街
无锡,1号线,太湖广场
上海,1号线,通河新村

ɶ,1(-Τ),ɺ
洛阳,1号线,杨湾
青岛,1号线,小村庄
南京,1号线,张府园
宁波,1号线,鼓楼
沈阳,2号线,三台子
厦门,1号线,集美软件园
济南,2号线,七里堡
广州,佛山2号线,石梁
南昌,1号线,奥体中心
长沙,2号线,望城坡(汽车西站)
石家庄,1号线,会展中心
西安,1号线,劳动路
兰州,2号线,张苏滩
深圳,1号线/罗宝线,大新
南宁,1号线,南职院
福州,1号线,梁厝
佛山,佛山2号线,魁奇路
,1(·-ϻվ),
呼和浩特,2号线,新店
南京,1号线,新街口
佛山,佛山2号线,石梁
哈尔滨,2号线,大耿家
郑州,1号线,市体育中心
苏州,2号线,骑河
合肥,1号线,合肥火车站
常州,1号线,清凉寺
武汉,1号线,额头湾
重庆,1号线,双碑
温州,S2线,灵昆
呼和浩特,2号线,百合路
大连,2号线,中革
合肥,1号线,瑶海公园
香港,东涌线,青衣
天津,1号线,国家会展中心
大连,2号线,前革
香港,东涌线,荔景
大连,2号线,辛寨子
呼和浩特,2号线,北山公园
青岛,1号线,海泊桥(海慈医疗)
深圳,1号线/罗宝线,鲤鱼门
南京,1号线,珠江路
广州,佛山2号线,魁奇路
石家庄,1号线,商务中心
沈阳,2号线,陵西
济南,2号线,祝甸
北京,1号线八通线,东单
天津,1号线,国瑞路
厦门,1号线,集美大道
洛阳,2号线,二乔路
无锡,1号线,清名桥
贵阳,1号线,林城西路
上海,1号线,呼兰路
长春,2号线,景阳广场
徐州,2号线,庆云桥
杭州,1号线,文泽路
南昌,2号线,南路
长沙,2号线,金星路
兰州,2号线,五里铺
西安,1号线,玉祥门
宁波,1号线,西门口
ɶ,1(-Τ),Τ
呼和浩特,2号线,丝绸之路大道
南宁,1号线,石埠
福州,1号线,下洋
兰州,2号线,团结新村
,1(·-ϻվ),·
武汉,1号线,五环大道
常州,1号线,茶山
哈尔滨,2号线,龙川路
郑州,1号线,龙子湖
佛山,佛山2号线,湾华
苏州,2号线,富翔路
天津,1号线,东沽路
重庆,1号线,赖家桥
温州,S2线,机场
西安,1号线,洒金桥
武汉,1号线,东吴大道
郑州,1号线,文苑北路
哈尔滨,2号线,世茂大道
苏州,2号线,高铁苏州北站
重庆,1号线,微电园
佛山,佛山2号线,登洲
温州,S2线,永兴
天津,2号线,滨海国际机场
合肥,1号线,兴华苑
兰州,2号线,红星巷
常州,1号线,聚湖路
南京,1号线,鼓楼
合肥,1号线,张洼
香港,东涌线,南昌
大连,2号线,机场
南京,1号线,玄武门
深圳,1号线/罗宝线,前海湾
石家庄,1号线,园博园
青岛,1号线,台东
济南,2号线,八涧堡

沈阳,2号线,新乐遗址
北京,1号线八通线,建国门
大连,2号线,虹港路
无锡,1号线,人民医院
厦门,1号线,天水路
贵阳,1号线,阅山湖公园
上海,1号线,共富新村
徐州,2号线,彭城广场
杭州,1号线,文海南路
长春,2号线,解放桥
洛阳,2号线,邙岭
沈阳,2号线,北陵公园
南昌,2号线,大岗
长沙,2号线,西湖公园
宁波,1号线,大卿桥
洛阳,2号线,国花路
长沙,2号线,溁湾镇
沈阳,2号线,中医药大学
呼和浩特,2号线,一家村
南宁,2号线,西津
福州,1号线,三江口
ɶ,1(ѧ-Τ),ѧ
沈阳,2号线,岐山路
,1(·-ϻվ),׼Ұ
西安,1号线,北大街
福州,2号线,苏洋
车站
佛山,佛山2号线,花卉世界
哈尔滨,2号线,冰雪大世界
苏州,2号线,大湾
郑州,1号线,河南大学新区
武汉,1号线,码头潭公园
常州,1号线,湖塘
天津,2号线,空港经济区
重庆,1号线,陈家桥
温州,S2线,沙城
西安,1号线,五路口
郑州,2号线,贾河
合肥,2号线,南岗
香港,东涌线,奥运
南京,1号线,新模范马路
石家庄,1号线,福泽
深圳,1号线/罗宝线,新安
济南,2号线,姜家庄
北京,1号线八通线,永安里
大连,2号线,虹锦路
贵阳,1号线,老湾塘
徐州,2号线,户部山
杭州,1号线,云水
厦门,1号线,厦门北站
无锡,1号线,华清大桥
上海,1号线,宝安公路
长春,2号线,建设广场
北京,1号线八通线,国贸
宁波,1号线,泽民
南昌,2号线,生米
长春,2号线,文化广场
洛阳,2号线,洛阳火车站
宁波,1号线,望春桥
长沙,2号线,橘子洲
长春,2号线,解放大路
呼和浩特,2号线,成吉思汗公园
南宁,2号线,安吉客运站
ɶ,1(ѧ-Τ),¡
长沙,2号线,湘江中路
沈阳,2号线,沈阳北站
,1(·-ϻվ),·
苏州,2号线,富元路
呼和浩特,2号线,毫沁营
兰州,2号线,邮电大楼
佛山,佛山2号线,仙涌
重庆,1号线,大学城
温州,S2线,天河
武汉,1号线,三店
常州,1号线,新天地公园
天津,2号线,国山路
福州,2号线,沙堤
沈阳,2号线,金融中心
西安,1号线,朝阳门
兰州,2号线,东方红广场
郑州,2号线,惠济区政府
合肥,2号线,桂庄
青岛,1号线,观象山(市立医院)
石家庄,2号线,柳辛庄
南京,1号线,南京站
广州,佛山2号线,张槎
济南,2号线,凤凰路
深圳,1号线/罗宝线,宝安中心
福州,2号线,上街
无锡,1号线,扬名
大连,2号线,红旗西路
香港,东涌线,香港
厦门,1号线,岩内
徐州,2号线,师大云龙校区
上海,1号线,友谊西路
贵阳,1号线,下麦西
杭州,1号线,下沙江滨
南昌,2号线,九龙湖南
杭州,1号线,杭州大会展中心
北京,1号线八通线,大望路
西安,1号线,康复路
南昌,2号线,市民中心
洛阳,2号线,纱厂路
杭州,1号线,港城大道
南宁,2号线,苏卢
宁波,1号线,徐家漕长乐
南昌,2号线,鹰潭街
长春,2号线,平阳街
ɶ,1(ѧ-Τ),·
长沙,2号线,五一广场
南昌,2号线,国博
哈尔滨,2号线,人民广场
呼和浩特,2号线,成吉思汗广场
苏州,2号线,蠡口
洲
,1(·-ϻվ),
长春,2号线,南关
沈阳,2号线,市府广场
重庆,1号线,尖顶坡
温州,S2线,海城
常州,1号线,长虹路
武汉,1号线,径河
天津,2号线,登州路
沈阳,2号线,青年大街
合肥,2号线,汽车西站
郑州,2号线,毛庄
石家庄,2号线,庄窠·铁道大学
青岛,1号线,中山路
广州,佛山2号线,智慧新城
ɶ,1(ѧ-Τ),
南京,1号线,红山动物园
深圳,1号线/罗宝线,宝体
济南,2号线,鲍山
武汉,2号线,佛祖岭
香港,港岛线,坚尼地城
南京,1号线,迈皋桥
香港,港岛线,香港大学
福州,2号线,金屿
无锡,1号线,南湖家园
徐州,2号线,中心医院
贵阳,1号线,窦官
上海,1号线,富锦路
厦门,2号线,天竺山
香港,港岛线,西营盘
北京,1号线八通线,四惠
上海,2号线,浦东国际机场
南宁,2号线,三十三中
西安,1号线,通化门
洛阳,2号线,解放路
香港,港岛线,上环
杭州,1号线,南阳
宁波,1号线,芦港
洛阳,2号线,牡丹桥
上海,2号线,海天三路
南昌,2号线,西站南广场
哈尔滨,2号线,中央大街
佛山,佛山2号线,林岳西
呼和浩特,2号线,内蒙古体育馆
长沙,2号线,芙蓉广场
苏州,2号线,徐图港
重庆,1号线,璧山
温州,S2线,鲍田
长春,2号线,吉林大路
常州,1号线,延政大道
南宁,2号线,秀厢
,1(·-ϻվ),·
南宁,2号线,明秀路
郑州,2号线,黄河迎宾馆
合肥,2号线,振兴路
沈阳,2号线,青年公园
广州,佛山2号线,绿岛湖
青岛,1号线,青岛站
石家庄,2号线,义堂
济南,2号线,彭家庄
深圳,1号线/罗宝线,坪洲
天津,2号线,屿东城
天津,2号线,翠阜新村
大连,2号线,马栏广场
ɶ,1(ѧ-Τ),츮԰
武汉,2号线,藏龙东街
南宁,2号线,火车站
南京,1号线,晓庄
大连,2号线,辽师大
无锡,1号线,塘铁桥

徐州,2号线,淮塔
贵阳,2号线,白云北路
大连,2号线,交通大学
北京,1号线八通线,四惠东
大连,2号线,西安路
西安,1号线,万寿路
大连,2号线,联合路
宁波,1号线,梁祝
杭州,1号线,向阳路
香港,港岛线,中环
西安,1号线,长乐坡
洛阳,2号线,文博园
西安,1号线,浐河
苏州,2号线,阳澄湖中路
体育场
长沙,2号线,迎宾路口
哈尔滨,2号线,尚志大街
南昌,2号线,南昌西站
佛山,佛山2号线,林岳东(2号线)
上海,2号线,远东大道
常州,1号线,科教城北
大连,2号线,人民广场
重庆,2号线,较场口

沈阳,2号线,工业展览馆
温州,S2线,大典下
涌

合肥,2号线,蜀山西
佛山,佛山2号线,广州南站
,1(·-ϻվ),ҫ·
常州,1号线,科教城南
天津,2号线,靖江路
南昌,2号线,龙岗
武汉,2号线,秀湖
ɶ,1(ѧ-Τ),人·
南京,1号线,吉祥庵
南宁,2号线,朝阳广场
常州,1号线,武进沿江城际
贵阳,2号线,白云中路
徐州,2号线,科技城
福州,2号线,董屿·福建师大
厦门,2号线,东瑶
无锡,1号线,金匮公园
南京,1号线,燕子矶
北京,1号线八通线,高碑店
南京,1号线,笆斗山
南宁,2号线,南宁剧场
香港,港岛线,金钟
宁波,1号线,高桥
杭州,1号线,萧山国际机场
南宁,2号线,福建园
洛阳,2号线,隋唐园
长沙,2号线,袁家岭
西安,1号线,半坡
呼和浩特,2号线,公主府
上海,2号线,凌空路
苏州,2号线,陆慕
哈尔滨,2号线,哈尔滨站
长沙,2号线,长沙火车站
大连,2号线,一二九街
石家庄,2号线,长安公园
济南,3号线,济南东站
长春,2号线,东环城路
重庆,2号线,临江门
温州,S2线,汀田
广州,佛山2号线,南庄
青岛,1号线,团岛
,固戍
沈阳,2号线,市图书馆
合肥,2号线,大蜀山
郑州,2号线,金达路
哈尔滨,2号线,博物馆
佛山,3号线,顺德学院站
哈尔滨,2号线,工人文化宫
,1(·-ϻվ),
天津,2号线,顺驰桥
哈尔滨,2号线,省政府
ɶ,1(ѧ-Τ),´
武汉,2号线,金融港北
南昌,2号线,国体中心
厦门,2号线,新阳大道
温州,S2线,莘塍
无锡,1号线,市民中心
贵阳,2号线,云峰大道
常州,1号线,阳湖路
徐州,2号线,七里沟
福州,2号线,厚庭
,1(·-ϻվ),ϲվ
北京,1号线八通线,传媒大学
郑州,2号线,刘庄
南京,1号线,八卦洲大桥南
常州,1号线,南夏墅
香港,港岛线,湾仔
杭州,1号线,湘湖
宁波,1号线,高桥西
南京,2号线,鱼嘴
南宁,2号线,亭洪路
洛阳,2号线,体育中心
上海,2号线,川沙
呼和浩特,2号线,呼和浩特站
苏州,2号线,平泷路东
西安,1号线,纺织城
杭州,1号线,滨康路
长春,2号线,长青
南宁,2号线,石柱岭
长沙,2号线,锦泰广场
石家庄,2号线,北国商城
广州,2号线,广州南站
合肥,2号线,天柱路
沈阳,2号线,五里河
青岛,1号线,凤凰岛
济南,3号线,裴家营
大连,2号线,青泥洼桥
重庆,2号线,黄花园
深圳,1号线/罗宝线,后瑞
杭州,1号线,西兴
佛山,3号线,顺德欢乐海岸
济南,3号线,王舍人
佛山,3号线,顺德一中
哈尔滨,2号线,省医院
天津,2号线,远洋国际中心
佛山,3号线,驹荣北路
南京,2号线,天保街
南昌,2号线,卧龙山
福州,2号线,桔园洲
贵阳,2号线,泉湖公园
温州,S2线,上望
武汉,2号线,黄龙山路
԰
徐州,2号线,百果园
郑州,2号线,柳林
佛山,3号线,东乐路
,1(·-ϻվ),
北京,1号线八通线,双桥
南昌,2号线,岭北
香港,港岛线,铜锣湾
宁波,2号线,栎社国际机场
常州,2号线,青枫公园
徐州,2号线,拖龙山
洛阳,2号线,市民之家
西安,2号线,常宁宫
上海,2号线,华夏东路
南昌,2号线,前湖大道
呼和浩特,2号线,新华广场
苏州,2号线,平河路
洛阳,2号线,开元湖
长沙,2号线,万家丽广场
合肥,2号线,科学大道
南宁,2号线,江南客运站
沈阳,2号线,奥体中心
青岛,1号线,山里
大连,2号线,友好广场
深圳,1号线/罗宝线,机场东
石家庄,2号线,裕华路
广州,2号线,石壁
长春,2号线,东方广场
重庆,2号线,大溪沟
重庆,2号线,曾家岩
济南,3号线,张马屯
杭州,1号线,滨和路
西安,2号线,何家营
苏州,2号线,苏州火车站
哈尔滨,2号线,珠江路
杭州,1号线,江陵路
天津,2号线,天津站
郑州,2号线,沙门
南京,2号线,青莲街
天津,2号线,建国道
佛山,3号线,大良钟楼
武汉,2号线,武汉东站
贵阳,2号线,枫林温州,S2线,上东路
无锡,1号线,江南大学
南京,2号线,螺塘路
香港,港岛线,天后
厦门,2号线,翁角路
㸣
济南,3号线,八涧堡
宁波,2号线,栎社
常州,2号线,海棠路
北京,1号线八通线,管庄
,1(·-ϻվ),ڽ
徐州,2号线,大龙湖
呼和浩特,2号线,中山路
香港,港岛线,炮台山
南昌,2号线,学府大道东
北京,1号线八通线,八里桥
深圳,坪山云巴1号线,比亚迪北
沈阳,2号线,营盘街
南宁,2号线,大沙田
合肥,2号线,十里庙
大连,2号线,中山广场
广州,2号线,会江
青岛,1号线,南北屯
石家庄,2号线,槐中路
长春,3号线,伪满皇宫
长沙,2号线,人民东路
上海,2号线,创新中路
呼和浩特,2号线,大学西街
洛阳,2号线,兴洛湖
重庆,2号线,牛角沱
西安,2号线,韦曲南
苏州,2号线,山塘街
哈尔滨,2号线,南直路
,1(·-ϻվ),м
长沙,2号线,长沙大道
杭州,1号线,近江
哈尔滨,2号线,东北农业大学
郑州,2号线,北三环
石家庄,2号线,欧韵公园
无锡,1号线,长广溪
福州,2号线,金山
温州,S2线,东山
贵阳,2号线,诚信路
佛山,3号线,环市北
武汉,2号线,佳园路
天津,2号线,东南角
南京,2号线,油坊桥
洛阳,2号线,龙门高铁站
福州,2号线,金祥
常州,2号线,五星
ɶ,1(ѧ-Τ),·
宁波,2号线,鄞州大道
厦门,2号线,马青路

香港,港岛线,北角
南昌,2号线,翠苑路
洛阳,2号线,八里堂
徐州,2号线,市行政中心
石家庄,2号线,元村
南宁,2号线,建设路

广州,2号线,南浦
合肥,2号线,西七里塘
深圳,坪山云巴1号线,龙背
沈阳,2号线,世纪大厦
长春,3号线,东广场
北京,1号线八通线,通州北苑
上海,2号线,唐镇
青岛,1号线,新港山路
呼和浩特,2号线,诺和木勒
佛山,3号线,顺德人民医院
重庆,2号线,李子坝
西安,2号线,航天城
哈尔滨,2号线,气象台
苏州,2号线,石路
佛山,3号线,荔村
上海,2号线,广兰路
重庆,2号线,佛图关
长沙,2号线,沙湾公园
,1(·-ϻվ),˺·
郑州,2号线,东风路
青岛,1号线,安子
南京,2号线,雨润大街
杭州,1号线,婺江路
广州,2号线,南洲
天津,2号线,鼓楼
贵阳,2号线,林城西路
无锡,1号线,雪浪
武汉,2号线,光谷大道
呼和浩特,2号线,水上公园
合肥,2号线,五里墩
宁波,2号线,石碶
呼和浩特,2号线,五里营
沈阳,2号线,白塔河路
贵阳,2号线,观山西路
济南,3号线,丁家庄
厦门,2号线,海沧行政中心
深圳,坪山云巴1号线,自然博物馆西
徐州,2号线,汉源大道
福州,2号线,祥坂
ɶ,1(ѧ-Τ),
常州,2号线,勤业
香港,港岛线,鲗鱼涌
南宁,2号线,石子塘
石家庄,2号线,石家庄站
大连,2号线,会议中心
南昌,2号线,地铁大厦
贵阳,2号线,兴筑路
常州,2号线,怀德
长春,3号线,长春站
北京,1号线八通线,果园
合肥,2号线,三里庵
西安,2号线,凤栖原
北京,1号线八通线,九棵树
苏州,2号线,广济南路
哈尔滨,3号线,北马路
天津,2号线,西南角
上海,2号线,金科路
佛山,3号线,伦教
香港,港岛线,太古
重庆,2号线,大坪
南京,2号线,元通
广州,2号线,东晓南
青岛,1号线,天目山路
郑州,2号线,关虎屯
武汉,2号线,华中科技大学
̶
杭州,1号线,城站
无锡,1号线,葛埭桥
香港,港岛线,西湾河
杭州,1号线,定安路
沈阳,2号线,全运路
深圳,坪山云巴1号线,未来城
济南,3号线,礼耕路
福州,2号线,宁化
厦门,2号线,海沧商务中心
徐州,2号线,新元大道
宁波,2号线,轻纺城
呼和浩特,2号线,锡林公园
南昌,2号线,雅苑路
石家庄,2号线,塔坛
南宁,2号线,金象
大连,2号线,东港
ɶ,1(ѧ-Τ),ĺ
沈阳,2号线,沈本大街
贵阳,2号线,金阳医院
石家庄,2号线,仓丰路留村
常州,2号线,南大街
长春,3号线,芙蓉桥
济南,3号线,奥体中心
西安,2号线,三爻
合肥,2号线,安农大
济南,3号线,龙奥大厦
北京,1号线八通线,梨园
天津,2号线,广开四马路
苏州,2号线,三香广场
哈尔滨,3号线,中华巴洛克街区
合肥,2号线,三孝口
佛山,3号线,广教
常州,2号线,文化宫
常州,2号线,红梅公园
佛山,3号线,北滘公园
大连,2号线,东海
南宁,2号线,玉洞
重庆,2号线,袁家岗
沈阳,2号线,沈中大街
无锡,1号线,南方泉
郑州,2号线,黄河路
南站
广州,2号线,江泰路
青岛,1号线,薛家岛
,1(·-ϻվ),ϻվ
香港,港岛线,筲箕湾
昆明,2号线,环城南路
深圳,坪山云巴1号线,燕子岭
杭州,1号线,龙翔桥
宁波,2号线,藕池
徐州,2号线,新城区东

香港,港岛线,杏花邨
南昌,2号线,红谷中大道
呼和浩特,2号线,内大南校区
深圳,坪山云巴1号线,综合保税区
深圳,坪山云巴1号线,中芯国际
呼和浩特,2号线,帅家营
石家庄,2号线,南位
青岛,1号线,丁家河
贵阳,2号线,金阳南路
ɶ,1(ѧ-Τ),
长春,3号线,西安桥
济南,3号线,孟家庄
西安,2号线,电视塔
郑州,2号线,紫荆山
哈尔滨,3号线,清真寺
北京,1号线八通线,临河里
苏州,2号线,劳动路
合肥,2号线,四牌楼
西安,2号线,纬一街
天津,2号线,长虹公园
上海,2号线,龙阳路
佛山,3号线,高村
北京,1号线八通线,土桥
广州,2号线,昌岗
沈阳,2号线,省博物馆
大连,2号线,海之韵
南京,2号线,兴隆大街
南宁,2号线,东风路
长沙,2号线,光达
石家庄,2号线,嘉华路
常州,2号线,五角场
重庆,2号线,谢家湾
武汉,2号线,光谷广场
无锡,2号线,无锡东站
长沙,3号线,山塘
上海,2号线,世纪公园
香港,港岛线,柴湾
南昌,2号线,阳明公园
昆明,2号线,塘子巷
福州,2号线,南门兜
宁波,2号线,客运中心
厦门,2号线,邮轮中心
杭州,1号线,凤起路
长沙,3号线,洋湖湿地
深圳,坪山云巴1号线,坪山中心(云巴1号线)
香港,观塘线,黄埔
呼和浩特,2号线,喇嘛营
长沙,3号线,洋湖新城
青岛,1号线,井冈山路
呼和浩特,2号线,阿尔山路
济南,3号线,龙洞
贵阳,2号线,茶园
ɶ,1(ѧ-Τ),츮
长春,3号线,南昌路
合肥,2号线,大东门
苏州,2号线,胥江路
哈尔滨,3号线,靖宇公园
郑州,2号线,东大街
徐州,3号线,白云山
佛山,3号线,北滘西站
南京,2号线,集庆门大街
石家庄,3号线,西三庄
沈阳,2号线,中央公园
南宁,2号线,玉岭路
广州,2号线,江南西
大连,3号线,大连站
南昌,2号线,青山路口
西安,2号线,小寨
天津,2号线,咸阳路
长沙,3号线,阳光
北京,1号线八通线,花庄
西安,2号线,体育场
重庆,2号线,杨家坪
无锡,2号线,迎宾广场
武汉,2号线,杨家湾
常州,2号线,三角场
长沙,3号线,中南大学
无锡,2号线,映月湖公园
佛山,3号线,潭洲会展
广州,2号线,市二宫
南昌,2号线,福州路
合肥,2号线,三里街
深圳,坪山云巴1号线,文化聚落
石家庄,3号线,高柱
大连,3号线,香炉礁
青岛,1号线,石油大学
昆明,2号线,东风广场
沈阳,2号线,创新一路
郑州,2号线,陇海东路
南京,2号线,云锦路
哈尔滨,3号线,太平桥
南宁,2号线,那福路
苏州,2号线,桐泾公园
杭州,1号线,武林广场
厦门,2号线,建业路

上海,2号线,上海科技馆
宁波,2号线,丽园南路
福州,2号线,水部
北京,1号线八通线,环球度假区
广州,2号线,海珠广场
哈尔滨,3号线,大有坊街
贵阳,2号线,百花大道
广州,2号线,公园前
哈尔滨,3号线,市第二医院
广州,2号线,纪念堂
ɶ,1(ѧ-Τ),츮
长春,3号线,朝阳桥
天津,2号线,芥园西道
徐州,3号线,徐州火车站
哈尔滨,3号线,海河东路
沈阳,2号线,综合保税区
南宁,2号线,平良立交
天津,2号线,卞兴

苏州,2号线,友联

香港,观塘线,旺角
大连,3号线,金家街
合肥,2号线,东五里井
青岛,1号线,王家港
南昌,2号线,八一广场
深圳,坪山云巴1号线,站前路东
石家庄,3号线,柏林庄
长沙,3号线,灵官渡
重庆,2号线,动物园
佛山,3号线,岳步
广州,2号线,越秀公园
ɶ,1(ѧ-Τ),ͳ
福州,2号线,紫阳
南京,2号线,莫愁湖
武汉,2号线,虎泉
常州,2号线,紫云
西安,2号线,南稍门
贵阳,2号线,马王庙
青岛,2号线,李村公园
宁波,2号线,云霞路
昆明,2号线,交三桥
厦门,2号线,湖滨中路
上海,2号线,世纪大道
无锡,2号线,查桥
杭州,1号线,西湖文化广场
南京,2号线,汉中门
园
北京,2号线,积水潭
南宁,2号线,坛泽
西安,2号线,永宁门
南京,2号线,上海路
南宁,3号线,科园大道
西安,2号线,钟楼
青岛,2号线,李村
北京,2号线,鼓楼大街
北京,2号线,安定门
长沙,3号线,侯家塘
南昌,2号线,永叔路
家庄,3号线,市庄


深圳,坪山云巴1号线,坪山高铁站
香港,观塘线,太子
郑州,2号线,南五里堡
合肥,2号线,东七里
青岛,2号线,枣山路
佛山,3号线,大墩
苏州,2号线,盘蠡路
上海,2号线,东昌路
天津,2号线,曹庄

昆明,2号线,穿心鼓楼
宁波,2号线,宁波火车站
哈尔滨,3号线,珠江路
ɶ,1(ѧ-Τ),ǹ㳡
徐州,3号线,和平大桥
贵阳,2号线,北京西路
常州,2号线,青洋路
长春,3号线,湖西桥
武汉,2号线,广埠屯
重庆,2号线,大堰村
上海,2号线,陆家嘴
厦门,2号线,体育中心
常州,2号线,丁堰
无锡,2号线,云林
ɶ,1(ѧ-Τ),԰
杭州,1号线,打铁关
青岛,2号线,华楼山路
杭州,1号线,闸弄口
南京,2号线,新街口
无锡,2号线,庄桥
南宁,3号线,创业路
西安,2号线,北大街
南京,2号线,大行宫
无锡,2号线,东亭
南京,2号线,西安门
青岛,2号线,东韩
厦门,2号线,育秀东路
徐州,3号线,淮塔
ɶ,1(ѧ-Τ),ڳ
武汉,2号线,街道口
上海,2号线,南京东路
昆明,2号线,火车北站
南昌,2号线,丁公路南
佛山,3号线,东平
深圳,2号线/8号线,赤湾
香港,观塘线,石硖尾
广州,2号线,三元里
常州,2号线,潞城
沈阳,4号线,正新路
南宁,3号线,安吉客运站
长沙,3号线,东塘
福州,2号线,前屿
苏州,2号线,新家桥
石家庄,3号线,市二中
郑州,2号线,花寨
北京,2号线,雍和宫
贵阳,2号线,改茶路
长春,3号线,宽平桥
重庆,2号线,马王场
合肥,2号线,漕冲
杭州,1号线,火车东站
天津,3号线,小淀
宁波,2号线,城隍庙
南京,2号线,明故宫
沈阳,4号线,文官街
南京,2号线,苜蓿园
杭州,1号线,彭埠
南京,2号线,下马坊
沈阳,4号线,望花
南京,2号线,孝陵卫
西安,2号线,安远门
徐州,3号线,矿大文昌校区
南京,2号线,钟灵街
广州,2号线,飞翔公园
深圳,2号线/8号线,蛇口港
哈尔滨,3号线,油坊街
佛山,3号线,湾华
无锡,2号线,柏庄
昆明,2号线,白云路
站
青岛,2号线,辽阳东路
武汉,2号线,宝通寺
厦门,2号线,吕厝
沈阳,4号线,观泉路
香港,观塘线,九龙塘
南宁,3号线,北湖北路
长沙,3号线,桂花公园
大连,3号线,大连湾
苏州,2号线,石湖东路
郑州,2号线,南三环
石家庄,3号线,新百广场
合肥,2号线,东二十埠
北京,2号线,东直门
天津,3号线,丰产河
青岛,2号线,同安路
宁波,2号线,鼓楼

上海,2号线,人民广场
常州,2号线,五一路
ɶ,1(ѧ-Τ),
重庆,2号线,平安
福州,2号线,上洋
贵阳,2号线,延安西路
北京,2号线,东四十条
ɶ,1(ѧ-Τ),վ
杭州,1号线,七堡
北京,2号线,朝阳门
长春,3号线,孟家屯
重庆,2号线,大渡口
西安,2号线,龙首原
福州,2号线,鼓山
徐州,3号线,南三环路
长春,3号线,湖光路
武汉,2号线,中南路
无锡,2号线,广益
昆明,2号线,金星
厦门,2号线,江头
徐州,3号线,翟山
厦门,2号线,后埔
天津,3号线,华北集团
上海,2号线,南京西路
贵阳,2号线,紫林庵
天津,3号线,天士力
宁波,2号线,外滩大桥
南京,2号线,马群
佛山,3号线,亚艺公园
哈尔滨,3号线,汽轮机厂
南昌,2号线,顺外
深圳,2号线/8号线,海上世界
广州,2号线,白云公园
长沙,3号线,阿弥岭
南宁,3号线,秀峰路
长春,3号线,电台街
沈阳,4号线,北大营
香港,观塘线,乐富
哈尔滨,3号线,进乡街
石家庄,3号线,东里
苏州,2号线,宝带桥南
郑州,2号线,站马屯
青岛,2号线,苗岭路
香港,观塘线,黄大仙
ɶ,1(ѧ-Τ),ͩ
合肥,2号线,王岗
重庆,2号线,新山村
西安,2号线,大明宫西
徐州,3号线,师范大学
北京,2号线,建国门
杭州,1号线,九和路
香港,观塘线,钻石山
福州,2号线,洋里
徐州,3号线,玉泉河
无锡,2号线,靖海
武汉,2号线,洪山广场
昆明,2号线,北辰
ɶ,1(ѧ-Τ),߼
武汉,2号线,小龟山
上海,2号线,静安寺
厦门,2号线,蔡塘
ɶ,1(ѧ-Τ),ʡ
贵阳,2号线,喷水池
厦门,2号线,古地石
南京,2号线,金马路
深圳,2号线/8号线,水湾
佛山,3号线,季华六路
广州,2号线,白云文化广场
天津,3号线,宜兴埠
宁波,2号线,正大路
南昌,2号线,辛家庵
沈阳,4号线,合作街
大连,3号线,开发区
南宁,3号线,邕武路
长春,3号线,前进西
哈尔滨,3号线,劳动公园
苏州,2号线,尹中路
石家庄,3号线,槐安桥
郑州,2号线,南四环
青岛,2号线,石老人浴场
天津,3号线,张兴庄
大连,3号线,保税区
合肥,2号线,三十埠
宁波,2号线,倪家堰
西安,2号线,市图书馆
南宁,3号线,大鸡村
南宁,3号线,兴桂路
香港,观塘线,彩虹
北京,2号线,北京站
昆明,2号线,霖雨桥
徐州,3号线,无名山公园
杭州,1号线,九堡

重庆,2号线,天堂堡
福州,4号线,帝封江
宁波,2号线,压赛堰
长沙,3号线,长沙火车站
宁波,2号线,大通桥
武汉,2号线,螃蟹岬
上海,2号线,江苏路
长沙,3号线,烈士公园东
广州,2号线,萧岗
福州,4号线,螺洲温泉
深圳,2号线/8号线,东角头
佛山,3号线,镇安
南京,2号线,仙鹤门
贵阳,2号线,阳明祠
厦门,2号线,岭兜
ɶ,1(ѧ-Τ),
长沙,3号线,丝茅冲
沈阳,4号线,洮昌街
南昌,3号线,京东大道
长春,3号线,前进大街
厦门,2号线,软件园二期
青岛,2号线,海安路
郑州,3号线,省体育中心
天津,3号线,铁东路
哈尔滨,3号线,旭升街
石家庄,3号线,西三教
长春,3号线,卫明街
大连,3号线,双D港
天津,3号线,北站
合肥,2号线,三十埠东
西安,2号线,凤城五路
长春,3号线,卫光街
西安,2号线,行政中心
南宁,3号线,小鸡村
香港,观塘线,九龙湾
无锡,2号线,东林广场
徐州,3号线,浦江路
杭州,1号线,客运中心
长沙,3号线,四方坪
重庆,2号线,建桥
昆明,2号线,羊肠村
北京,2号线,崇文门
杭州,1号线,乔司南
上海,2号线,中山公园
武汉,2号线,积玉桥
宁波,2号线,孔浦
长沙,3号线,雅雀湖
深圳,2号线/8号线,湾厦
佛山,7号线,燕山
广州,2号线,江夏
宁波,2号线,路林
贵阳,2号线,省人民医院
ɶ,1(ѧ-Τ),
福州,4号线,城门
南京,2号线,学则路
南昌,3号线,梁万
沈阳,4号线,沈阳大学
武汉,2号线,江汉路
郑州,3号线,王砦
苏州,2号线,郭苑路
石家庄,3号线,石家庄站
哈尔滨,3号线,肿瘤医院
青岛,2号线,海川路
厦门,2号线,何厝
南昌,3号线,火炬广场
大连,3号线,小窑湾
石家庄,3号线,汇通路
合肥,2号线,祥和
天津,3号线,中山路
大连,3号线,金石滩
长春,3号线,卫星广场
天津,3号线,金狮桥

南宁,3号线,东沟岭
徐州,3号线,焦山
无锡,2号线,三阳广场
西安,2号线,凤城十路
大连,5号线,后关
香港,观塘线,观塘
大连,5号线,后盐
苏州,2号线,尹山湖
沈阳,4号线,沈阳北站
重庆,2号线,金家湾
昆明,2号线,司家营
北京,2号线,前门
长沙,3号线,长沙大学
杭州,1号线,乔司
上海,2号线,娄山关路
北京,2号线,和平门
佛山,7号线,水西
广州,2号线,黄边
深圳,2号线/8号线,海月
长沙,3号线,月湖公园北
贵阳,2号线,宝山南路
宁波,2号线,三官堂
南京,2号线,仙林中心
天津,3号线,天津站
福州,4号线,林浦
ɶ,1(ѧ-Τ),츮㳡
青岛,2号线,海游路
哈尔滨,3号线,征仪路
郑州,3号线,兴隆铺
天津,3号线,津湾广场
南昌,3号线,国威路
厦门,2号线,观音山
武汉,2号线,循礼门
郑州,3号线,同乐
合肥,2号线,桂王
石家庄,3号线,孙村
郑州,3号线,南阳新村
福州,4号线,会展中心
南宁,3号线,长堽路
长春,3号线,亚泰立交桥
西安,2号线,北苑
无锡,2号线,五爱广场
南昌,3号线,青山湖西
徐州,3号线,钱江路
香港,观塘线,蓝田
昆明,2号线,龙头街
沈阳,4号线,皇寺路
长春,3号线,伊通河
重庆,2号线,刘家坝
大连,5号线,龙华路
苏州,2号线,独墅湖南
南京,2号线,羊山公园
杭州,1号线,翁梅
上海,2号线,威宁路
重庆,2号线,白居寺
佛山,7号线,萝岗
深圳,2号线/8号线,登良
广州,2号线,嘉禾望岗
北京,2号线,宣武门
长沙,3号线,湘龙
上海,2号线,北新泾
贵阳,2号线,油榨街
宁波,2号线,宁波大学
广州,3号线,番禺广场
青岛,2号线,麦岛
),
哈尔滨,3号线,医大二院
长沙,3号线,星沙
武汉,2号线,中山公园
厦门,2号线,东宅
天津,3号线,和平路
哈尔滨,3号线,哈西大街
合肥,2号线,对河
石家庄,3号线,塔冢
厦门,2号线,两岸金融中心
郑州,3号线,海滩寺
合肥,2号线,店埠河
南宁,3号线,东葛路
福州,4号线,花海公园
郑州,3号线,大石桥
南昌,3号线,上沙沟
徐州,3号线,高新区南
无锡,2号线,梁溪大桥
西安,2号线,西安北站
合肥,2号线,排头
沈阳,4号线,市府大路
长春,3号线,职业学院
苏州,2号线,独墅湖邻里中心
大连,5号线,泉水东
香港,观塘线,油塘
昆明,2号线,北部汽车站
南昌,3号线,青山路口
杭州,1号线,临平南高铁站
南京,2号线,南大仙林校区
深圳,2号线/8号线,后海
长春,3号线,吉林广电
北京,2号线,长椿街
重庆,2号线,大江
佛山,7号线,科丰路
南京,2号线,经天路
上海,2号线,淞虹路
贵阳,2号线,贵钢
宁波,2号线,清水浦
佛山,7号线,加庄
广州,3号线,市桥
青岛,2号线,高雄路
佛山,7号线,姬堂
ɶ,1(ѧ-Τ),Ժ
武汉,2号线,青年路
天津,3号线,营口道
长沙,3号线,松雅湖(南)
昆明,3号线,西山公园
石家庄,3号线,东王
哈尔滨,3号线,凯盛源广场
武汉,2号线,王家墩东
厦门,2号线,五通
哈尔滨,3号线,哈尔滨西站
南宁,3号线,滨湖路
福州,4号线,鳌峰洲
长沙,3号线,星沙文体中心
郑州,3号线,人民公园
无锡,2号线,大王基
西安,2号线,红会医院北区
南宁,3号线,金湖广场
合肥,2号线,肥东站
沈阳,4号线,太原街
大连,5号线,中华东路
苏州,2号线,月亮湾
香港,观塘线,调景岭
南宁,3号线,埌西
南昌,3号线,墩子塘
杭州,1号线,南苑
香港,机场快线,香港
长春,3号线,会展中心
重庆,2号线,鱼洞
北京,2号线,复兴门
深圳,2号线/8号线,科苑
无锡,2号线,河埒口
上海,2号线,虹桥2号航站楼
贵阳,2号线,富源北路
宁波,2号线,五里牌
南京,S3号线(宁和线),高家冲
北京,2号线,阜成门
广州,3号线,汉溪长隆
青岛,2号线,燕儿岛路
宁波,2号线,枫园
佛山,7号线,大沙东
重庆,3号线,鱼洞
石家庄,3号线,南王
ɶ,1(ѧ-Τ),·
昆明,3号线,车家壁
天津,3号线,西康路
佛山,7号线,裕丰围
武汉,2号线,范湖
厦门,2号线,湿地公园
石家庄,3号线,位同
哈尔滨,3号线,城乡路
佛山,7号线,长洲
郑州,3号线,二七广场
长沙,3号线,螺丝塘
福州,4号线,光明港
西安,2号线,草滩
哈尔滨,3号线,工农大街
沈阳,4号线,南五马路
合肥,2号线,和睦湖
苏州,2号线,松涛街
大连,5号线,甘北路
南昌,3号线,八一馆
西安,3号线,鱼化寨
南宁,3号线,青竹立交
杭州,绍兴1号线,姑娘桥
大连,5号线,甘井子街
长春,3号线,世纪广场
香港,机场快线,九龙
深圳,2号线/8号线,红树湾
杭州,绍兴1号线,衙前
南京,S3号线(宁和线),林山
无锡,2号线,小桃源
上海,2号线,虹桥火车站
贵阳,2号线,森林公园
广州,3号线,大石
长春,3号线,金鑫街
北京,2号线,车公庄
青岛,2号线,浮山所
南京,S3号线(宁和线),桥林新城
宁波,2号线,聪园路
昆明,3号线,普坪村
重庆,3号线,金竹
ɶ,1(ѧ-Τ),𳵱վ
佛山,7号线,深井
厦门,2号线,钟宅
武汉,2号线,汉口火车站
天津,3号线,吴家窑
重庆,3号线,鱼胡路
石家庄,3号线,东二环南路
厦门,2号线,五缘湾
福州,4号线,前屿
郑州,3号线,西大街
长沙,3号线,广生
天津,3号线,天塔
哈尔滨,3号线,医大一院群力院区
合肥,2号线,马桥
苏州,2号线,金谷路
沈阳,4号线,砂阳
郑州,3号线,东大街
南昌,3号线,六眼井
南宁,3号线,青秀山
西安,3号线,丈八北路
石家庄,3号线,西仰陵
深圳,2号线/8号线,世界之窗
香港,机场快线,青衣
大连,5号线,梭鱼湾
西安,3号线,延平门
上海,2号线,徐泾东
无锡,2号线,荣巷
贵阳,2号线,见龙洞
杭州,绍兴1号线,杨汛桥
大连,5号线,梭鱼湾南
广州,3号线,厦滘
青岛,2号线,五四广场
北京,2号线,西直门
长春,3号线,博硕路
贵阳,2号线,龙洞堡机场
南京,S3号线(宁和线),石碛河
宁波,2号线,招宝山
青岛,2号线,芝泉路
昆明,3号线,石咀
南京,S3号线(宁和线),双垅
佛山,7号线,大学城南
贵阳,2号线,小碧
武汉,2号线,长港路
ɶ,1(ѧ-Τ),ɺ
重庆,3号线,学堂湾
佛山,7号线,板桥
厦门,3号线,厦门火车站
长沙,4号线,罐子岭
福州,4号线,后屿
长春,3号线,金河街
天津,3号线,周邓纪念馆
合肥,2号线,南沙河
沈阳,4号线,南京桥
哈尔滨,3号线,群力第五大道
苏州,2号线,金尚路
厦门,3号线,湖滨东路
郑州,3号线,郑州文庙
南昌,3号线,绳金塔
南宁,3号线,市博物馆
天津,3号线,红旗南路
深圳,2号线/8号线,侨城北
香港,机场快线,机场
石家庄,3号线,中仰陵
厦门,3号线,体育中心
上海,3号线,江杨北路
无锡,2号线,梅园开原寺
大连,5号线,大连站
厦门,3号线,人才中心
广州,3号线,沥滘
北京,4号线大兴线,天宫院
南宁,3号线,总部基地
宁波,2号线,红联
昆明,3号线,大渔路
青岛,2号线,海信桥
南昌,3号线,十字街
南京,S3号线(宁和线),兰花塘
武汉,2号线,常青花园
贵阳,2号线,云盘
ɶ,1(ѧ-Τ),Τ
重庆,3号线,大山村
福州,4号线,横屿
昆明,3号线,西部汽车站
佛山,7号线,员岗
长沙,4号线,月亮岛西
武汉,2号线,金银潭
哈尔滨,3号线,体育公园
沈阳,4号线,长白岛
合肥,2号线,撮镇
长春,3号线,农博园
昆明,3号线,眠山
郑州,3号线,博览中心
长春,3号线,净月潭公园
石家庄,3号线,南豆
天津,3号线,王顶堤
康
香港,机场快线,博览馆
昆明,3号线,昌源中路
西安,3号线,太白南路
杭州,绍兴1号线,钱清
无锡,3号线,苏庙
上海,3号线,铁力路
深圳,2号线/8号线,安托山
广州,3号线,大塘
大连,5号线,青泥洼桥
北京,4号线大兴线,生物医药基地
厦门,3号线,湖里公园
西安,3号线,吉祥村
南宁,3号线,广西规划馆
宁波,3号线,大通桥
大连,5号线,劳动公园
青岛,2号线,台东
南昌,3号线,京家山
宁波,3号线,中兴大桥南
南京,S3号线(宁和线),马骡圩
广州,3号线,客村
贵阳,2号线,中兴路
昆明,3号线,西苑
福州,4号线,竹屿
成都,2号线,犀浦
重庆,3号线,花溪
佛山,7号线,南村万博
长沙,4号线,湘江新城
贵阳,3号线,洛湾
沈阳,4号线,长白南
苏州,3号线,葑亭大道
合肥,3号线,省儿童医院新区
武汉,2号线,常青城
贵阳,3号线,东风(贵黔医院)
郑州,3号线,凤凰台
长春,3号线,紫杉路
石家庄,3号线,太行南大街
武汉,2号线,宏图大道
重庆,3号线,岔路口
杭州,绍兴1号线,西沙路
,(-),
天津,3号线,华苑
上海,3号线,友谊路
无锡,3号线,钱桥
深圳,2号线/8号线,侨香
武汉,2号线,盘龙城
厦门,3号线,华荣路
北京,4号线大兴线,义和庄
苏州,3号线,双马街
西安,3号线,小寨
南宁,3号线,庆歌路
深圳,2号线/8号线,香蜜
大连,5号线,石葵路
青岛,2号线,利津路
西安,3号线,大雁塔
宁波,3号线,明楼
南昌,3号线,江铃
南京,S3号线(宁和线),刘村
厦门,3号线,火炬园
广州,3号线,广州塔
南宁,3号线,五象湖
福州,4号线,三角池
昆明,3号线,梁家河
佛山,7号线,汉溪长隆
长沙,4号线,汉王陵公园
厦门,3号线,小东山
合肥,3号线,乐平
沈阳,4号线,金仓路
佛山,7号线,钟村
贵阳,3号线,师范学院
郑州,3号线,东十里铺
石家庄,3号线,乐乡
佛山,7号线,谢村
长春,3号线,宝相街
郑州,3号线,通泰路
佛山,7号线,石壁
,(-),
杭州,绍兴1号线,临杭大道
上海,3号线,宝杨路
重庆,3号线,九公里
武汉,2号线,巨龙大道
无锡,3号线,龙山梢
天津,3号线,大学城
北京,4号线大兴线,黄村火车站
南昌,3号线,施尧
苏州,3号线,丰和路
长春,3号线,滑雪场
大连,5号线,青云街
深圳,2号线/8号线,香梅北
青岛,2号线,泰山路
西安,3号线,北池头
苏州,3号线,方湾街
南京,S3号线(宁和线),天保
宁波,3号线,体育馆
广州,3号线,珠江新城
成都,2号线,百草路
,(-),
南宁,3号线,平良立交
福州,4号线,东门
昆明,3号线,市体育馆
长沙,4号线,福元大桥西
厦门,3号线,安兜
广州,3号线,体育西路
合肥,3号线,芮祠
沈阳,4号线,云杉路
长沙,4号线,茶子山
贵阳,3号线,高新路
厦门,3号线,坂尚
贵阳,3号线,新添
郑州,3号线,西周
沈阳,4号线,红椿路
佛山,7号线,广州南站
贵阳,3号线,顺海
上海,3号线,水产路
北京,4号线大兴线,杭州,绍兴1武汉,2号线,宋家岗
天津,3号线,高新区
重庆,3号线,麒龙
南昌,3号线,八大山人
青岛,3号线,青岛北站
长春,3号线,长影世纪城
大连,5号线,桃源
郑州,3号线,东周
深圳,2号线/8号线,景田
天津,3号线,学府工业区
南京,S3号线(宁和线),高庙路
西安,3号线,青龙寺
苏州,3号线,苏州园区火车站
深圳,2号线/8号线,莲花西
宁波,3号线,樱花公园
重庆,3号线,八公里
宁波,3号线,儿童公园
,(-),
合肥,3号线,四十埠
成都,2号线,金周路
昆明,3号线,潘家湾
广州,3号线,石牌桥
福州,4号线,省立医院
南宁,4号线,洪运路
长沙,4号线,观沙岭
重庆,3号线,重庆交通大学
深圳,2号线/8号线,福田
厦门,3号线,湖里创新园
南宁,4号线,那历村
大连,5号线,秀月街
沈阳,4号线,城建学院
佛山,7号线,大洲
南宁,4号线,那洪立交
北京,4号线大兴线,清源路
武汉,2号线,航空总部
贵阳,3号线,茶店
南昌,3号线,邓埠
无锡,3号线,盛岸
杭州,绍兴1号线,越州大道
上海,3号线,淞滨路
郑州,3号线,省骨科医院
长春,4号线,天新路
南昌,3号线,复兴大道东
西安,3号线,延兴门
天津,3号线,杨伍庄
苏州,3号线,跨塘
南京,S3号线(宁和线),吴侯街
上海,3号线,张华浜
南京,S3号线(宁和线),平良大街
长春,4号线,前十里堡
宁波,3号线,仇毕
上海,3号线,淞发路
成都,2号线,金科北路
重庆,3号线,六公里
福州,4号线,东街口
昆明,3号线,五一路
,(-),ӿ
长沙,4号线,六沟垅
合肥,3号线,李湾
广州,3号线,岗顶
上海,3号线,长江南路
厦门,3号线,五缘湾
深圳,2号线/8号线,市民中心
昆明,3号线,东风广场
昆明,3号线,拓东体育馆
大连,5号线,虎滩公园
沈阳,4号线,沈阳南站
佛山,7号线,陈村北
福州,4号线,西门
北京,4号线大兴线,枣园
武汉,2号线,天河机场
贵阳,3号线,大营坡
杭州,绍兴1号线,中国轻纺城
无锡,3号线,吴桥
南宁,4号线,金阳路
杭州,绍兴1号线,明珠广场
厦门,3号线,国际博览中心
无锡,3号线,北栅口
天津,3号线,南站
西安,3号线,咸宁路
郑州,3号线,圃田西
青岛,3号线,振华路
杭州,绍兴1号线,瓜渚湖
天津,4号线,东南角
南昌,3号线,沥山
苏州,3号线,唐庄
杭州,绍兴1号线,镜水路
长春,4号线,天普路
宁波,3号线,钱湖北路
天津,4号线,金街
重庆,3号线,重庆工商大学
成都,2号线,迎宾大道
初路
宁波,3号线,锦寓路
上海,3号线,殷高西路
南京,S3号线(宁和线),油坊桥
广州,3号线,华师
上海,3号线,江湾镇
南昌,3号线,柏岗
昆明,3号线,大树营
深圳,2号线/8号线,岗厦北
贵阳,3号线,贵医
合肥,3号线,凉亭
福州,4号线,陆庄
武汉,3号线,沌阳大道
北京,4号线大兴线,高米店南
,(-),
长沙,4号线,望月湖
厦门,3号线,东界
上海,3号线,大柏树
佛山,7号线,陈村
大连,5号线,虎滩新区
福州,4号线,凤凰池
无锡,3号线,无锡火车站
西安,3号线,长乐公园
沈阳,4号线,创新路
,(-),
南宁,4号线,通源路
西安,3号线,通化门
青岛,3号线,君峰路
郑州,3号线,营岗
杭州,绍兴1号线,黄酒小镇
长春,4号线,天青路
苏州,3号线,倪浜
杭州,绍兴1号线,张墅
天津,4号线,和平路
成都,2号线,茶店子客运站
重庆,3号线,四公里
杭州,绍兴1号线,奥体中心
宁波,3号线,四明中路
杭州,绍兴1号线,梅山广场
南京,S3号线(宁和线),贾西
南宁,4号线,大沙田
深圳,2号线/8号线,华强北
南昌,3号线,斗门
昆明,3号线,金马寺
南宁,4号线,金象大道
武汉,3号线,东风公司
北京,4号线大兴线,高米店北
贵阳,3号线,北京路
合肥,3号线,安医一附院南区
南宁,4号线,五象岭
南宁,4号线,玉象路
佛山,7号线,锦龙
上海,3号线,赤峰路
大连,12号线,河口
沈阳,9号线,怒江公园
厦门,3号线,洪坑
福州,5号线,荆溪厚屿
无锡,3号线,广瑞
,(-),ӿ
昆明,3号线,太平村
沈阳,9号线,淮河街沈医二院
西安,3号线,胡家庙
长春,4号线,福祉大路
青岛,3号线,李村
郑州,3号线,潮河
西安,3号线,石家街
成都,2号线,羊犀立交
天津,4号线,徐州道
重庆,3号线,南坪
苏州,3号线,烟雨桥
郑州,3号线,滨河新城
宁波,3号线,鄞州区政府
重庆,3号线,工贸
杭州,绍兴1号线,凤林
重庆,3号线,铜元局
南京,S3号线(宁和线),春江路
重庆,3号线,两路口
贵阳,3号线,黔灵山公园
武汉,3号线,体育中心
北京,4号线大兴线,西红门
重庆,3号线,牛角沱
广州,3号线,天河客运站
北京,4号线大兴线,新宫
南昌,3号线,银三角北
福州,5号线,农林大学
上海,3号线,虹口足球场
厦门,3号线,林前
无锡,3号线,靖海
合肥,3号线,幸福坝
深圳,2号线/8号线,燕南
上海,3号线,东宝兴路
昆明,3号线,虹桥
上海,3号线,宝山路
长春,4号线,天工路
南宁,4号线,总部基地
佛山,7号线,南涌
长沙,4号线,湖南师大
大连,12号线,蔡大岭
昆明,3号线,东部汽车站
西安,3号线,辛家庙
天津,4号线,六纬路
成都,2号线,一品天下
昆明,4号线,金川路
宁波,3号线,南部商务区
,(-),
成都,2号线,蜀汉路东
青岛,3号线,万年泉路
杭州,绍兴1号线,大滩
沈阳,9号线,皇姑屯站
苏州,3号线,东方之门
天津,4号线,成林道
贵阳,3号线,延安西路
武汉,3号线,三角湖
成都,2号线,白果林
重庆,3号线,华新街
郑州,3号线,司赵
成都,2号线,中医大省医院
北京,4号线大兴线,公益西桥
无锡,3号线,东风
福州,5号线,洪塘
厦门,3号线,鼓锣
重庆,3号线,观音桥
南京,S3号线(宁和线),铁心桥
广州,3号线(北延段),机场北(2号航站楼)
深圳,2号线/8号线,大剧院
重庆,3号线,红旗河沟
长春,4号线,宜盛街
上海,3号线,上海火车站
合肥,3号线,安大磬苑校区
南昌,4号线,白马山
武汉,3号线,汉阳客运站
西安,3号线,广泰门
南京,S3号线(宁和线),景明佳园
南宁,4号线,飞龙路
佛山,7号线,美的
大连,12号线,黄泥川
昆明,4号线,大河埂
宁波,3号线,鄞州客运总站
长沙,4号线,湖南大学
深圳,2号线/8号线,湖贝
宁波,3号线,句章路
杭州,绍兴1号线,火车站
青岛,3号线,海尔路
沈阳,9号线,重型文化广场
宁波,3号线,高塘桥
,(-),
苏州,3号线,李公堤西
天津,4号线,泰昌路
贵阳,3号线,松花路
青岛,3号线,地铁大厦
郑州,3号线,滨河新城南
宁波,3号线,姜山
北京,4号线大兴线,角门西
成都,2号线,通惠门
福州,5号线,阵坂
无锡,3号线,叙丰
厦门,3号线,翔安市民公园
天津,4号线,万东路
厦门,3号线,浦边
广州,3号线(北延段),机场南(1号航站楼)
杭州,绍兴1号线,城市广场
长春,4号线,南环城路
南昌,4号线,裕丰街
合肥,3号线,工大翡翠湖校区
上海,3号线,中潭路
重庆,3号线,嘉州路
厦门,3号线,后村
武汉,3号线,四新大道
西安,3号线,桃花潭
上海,3号线,镇坪路
佛山,7号线,北滘公园
南宁,4号线,体育中心西
南京,S3号线(宁和线),南京南站
大连,12号线,龙王塘
长沙,4号线,阜埠河
昆明,4号线,海屯路
西安,3号线,浐灞中心
深圳,2号线/8号线,黄贝岭
南京,3号线,秣周东路
沈阳,9号线,北二路
西安,3号线,香湖湾
南京,3号线,东大九龙湖校区
,(-),
南京,3号线,诚信大道
北京,4号线大兴线,马家堡
宁波,3号线,狮山
贵阳,3号线,花果园
无锡,3号线,太湖花园
成都,2号线,人民公园
福州,5号线,马榕
郑州,4号线,老鸦陈
青岛,3号线,长沙路
苏州,3号线,金厍桥
西安,3号线,务庄
天津,4号线,沙柳南路
郑州,4号线,省体育中心
广州,3号线(北延段),高增
天津,4号线,登州南路
重庆,3号线,郑家院子
杭州,绍兴1号线,鲁迅故里
合肥,3号线,大学城北
南昌,4号线,璜溪
长春,4号线,世荣路
武汉,3号线,陶家岭
厦门,3号线,蔡厝
广州,3号线(北延段),人和
合肥,3号线,繁华大道
大连,12号线,塔河湾
上海,3号线,曹杨路
昆明,4号线,小屯
长沙,4号线,碧沙湖
佛山,7号线,美的大道
南宁,4号线,体育中心东
南京,3号线,九龙湖
深圳,2号线/8号线,新秀
昆明,4号线,金鼎山北路
沈阳,9号线,铁西广场
南京,3号线,天元西路
沈阳,9号线,兴华公园
福州,5号线,金山
郑州,4号线,北二十里铺
宁波,3号线,明辉路
成都,2号线,天府广场
北京,4号线大兴线,北京南站
贵阳,3号线,五里冲
青岛,3号线,双山
苏州,3号线,东振路
ӿ
无锡,3号线,新光路
昆明,4号线,苏家塘
西安,3号线,国际港务区
西安,3号线,双寨
南昌,4号线,中堡
贵阳,3号线,太慈桥
苏州,3号线,墅浦路北
长春,4号线,职业学院
杭州,绍兴1号线,城南大道
广州,3号线(北延段),龙归
天津,4号线,跃进北路
贵阳,3号线,皂角井
大连,12号线,旅顺
合肥,3号线,安医大二附院
佛山,广佛线,新城东
长沙,4号线,黄土岭
南宁,4号线,良庆大桥南
武汉,3号线,龙阳村
贵阳,3号线,四方河(省中医院)
深圳,2号线/8号线,莲塘口岸
上海,3号线,金沙江路
南宁,4号线,良庆圩
南宁,4号线,楞塘村
深圳,2号线/8号线,仙湖路
贵阳,3号线,甘荫塘
大连,12号线,铁山
合肥,3号线,省博物院
长沙,4号线,砂子塘
武汉,3号线,王家湾
南京,3号线,胜太西路
佛山,广佛线,东平
南昌,4号线,礼庄山
沈阳,9号线,沈辽路
贵阳,3号线,中曹司
青岛,3号线,清江路
郑州,4号线,丰庆路
重庆,3号线,狮子坪
,(-),
福州,5号线,凤岗里
成都,2号线,春熙路
青岛,3号线,错埠岭
北京,4号线大兴线,陶然亭
无锡,3号线,旺庄路
宁波,3号线,朝阳
昆明,4号线,小菜园
成都,2号线,东门大桥
西安,3号线,新筑
苏州,3号线,通园路南
广州,3号线(北延段),嘉禾望岗
昆明,4号线,火车北站
长春,4号线,北海路
杭州,绍兴1号线,凤凰山
天津,4号线,航双路
香港,南港岛线,金钟
苏州,3号线,北港路
南昌,4号线,西站南广场
昆明,4号线,白龙路
成都,2号线,牛王庙
沈阳,9号线,滑翔
西安,3号线,保税区
上海,3号线,中山公园
南宁,5号线,国凯大道
南宁,5号线,那洪立交
合肥,3号线,图书馆
大连,12号线,旅顺新港
佛山,广佛线,世纪莲
深圳,2号线/8号线,莲塘
长沙,4号线,赤岗岭
南京,3号线,宏运大道
武汉,3号线,宗关
合肥,3号线,合肥大剧院
合肥,3号线,市政务中心
郑州,4号线,张家村
贵阳,3号线,十里河滩
南宁,5号线,金凯路
福州,5号线,浦上大道
重庆,3号线,重庆北站南广场
南宁,5号线,江南公园
青岛,3号线,敦化路
北京,4号线大兴线,菜市口
宁波,3号线,方桥
无锡,3号线,黄山路
南宁,5号线,周家坡
青岛,3号线,宁夏路
重庆,3号线,龙头寺
福州,5号线,霞镜
广州,3号线(北延段),白云大道北
杭州,绍兴1号线,劳家葑
长春,4号线,威海路
天津,4号线,民航大学
南宁,5号线,五一立交
香港,南港岛线,海洋公园
昆明,4号线,大树营
广州,3号线(北延段),永泰
苏州,3号线,迎春路
成都,2号线,牛市口
西安,4号线,西安北站
南昌,4号线,怀玉山大道
沈阳,9号线,吉力湖街
上海,3号线,延安西路
重庆,3号线,童家院子
广州,3号线(北延段),同和
武汉,3号线,双墩
大连,13号线,普兰店振兴街
南京,3号线,南京南站
佛山,广佛线,澜石
长沙,4号线,树木岭
深圳,2号线/8号线,梧桐山南
重庆,3号线,金渝
福州,5号线,东岭
深圳,2号线/8号线,沙头角
贵阳,3号线,孔学堂
南宁,5号线,新秀公园
宁波,3号线,琎琳
青岛,3号线,江西路
广州,3号线(北延段),京溪南方医院
合肥,3号线,洪岗
香港,南港岛线,黄竹坑
郑州,4号线,陈寨东
无锡,3号线,高浪东路
重庆,3号线,金童路
北京,4号线大兴线,宣武门
武汉,3号线,武汉商务区
郑州,4号线,沙门
池
长春,4号线,浦东路
天津,4号线,新兴村
无锡,3号线,周泾巷
郑州,4号线,杨君刘
沈阳,9号线,大通湖街
南昌,4号线,安丰
苏州,3号线,宝带路
成都,2号线,东大路
昆明,4号线,菊花村
上海,3号线,虹桥路
西安,4号线,元朔路
郑州,4号线,森林公园北
西安,4号线,凤城十二路
长沙,4号线,圭塘
佛山,广佛线,魁奇路
南京,3号线,明发广场
大连,13号线,普兰店开发区
昆明,4号线,菊华
香港,南港岛线,利东
南宁,5号线,广西大学
广州,3号线(北延段),梅花园
青岛,3号线,五四广场
合肥,3号线,国防科技大学
深圳,2号线/8号线,海山
福州,5号线,台屿
贵阳,3号线,贵州大学
宁波,3号线,南渡
大连,13号线,海湾高中
深圳,2号线/8号线,盐田港西
重庆,3号线,鸳鸯
北京,4号线大兴线,西单
深圳,2号线/8号线,深外高中
武汉,3号线,云飞路
杭州,绍兴1号线,栖湖
合肥,3号线,西七里塘
天津,5号线,李七庄南
长春,4号线,海口路
西安,4号线,凤城九路
无锡,3号线,无锡新区站
长春,4号线,公平路
苏州,3号线,盘蠡路
成都,2号线,塔子山公园
沈阳,9号线,曹仲
南昌,4号线,东新
上海,3号线,宜山路
长春,4号线,吉林大路
郑州,4号线,清华附中
长沙,4号线,沙湾公园
沈阳,9号线,浑河站
佛山,广佛线,季华园
南京,3号线,大明路
郑州,4号线,龙湖中环北
郑州,4号线,龙湖北
福州,5号线,盘屿
贵阳,3号线,花溪公园
广州,3号线(北延段),燕塘
宁波,3号线,大成东路
昆明,4号线,和甸营
南宁,5号线,秀灵路
香港,南港岛线,海怡半岛
青岛,3号线,延安三路
苏州,3号线,新郭
大连,13号线,大医三院
青岛,3号线,太平角公园
重庆,3号线,园博园
北京,4号线大兴线,灵境胡同
苏州,3号线,石湖北
深圳,2号线/8号线,盐田路
武汉,3号线,范湖
昆明,4号线,牛街庄
合肥,3号线,南新庄
杭州,绍兴1号线,芳泉
天津,5号线,中医一附院
昆明,4号线,朱家村
西安,4号线,文景路
无锡,3号线,长江南路
天津,5号线,昌凌路
南昌,4号线,新洪城大市场
成都,2号线,成都东客站
上海,3号线,漕溪路
昆明,4号线,羊甫头
长春,4号线,东新路
长沙,4号线,粟塘
佛山,广佛线,同济路
南京,3号线,卡子门
沈阳,9号线,胜利南街
上海,3号线,龙漕路
深圳,2号线/8号线,鸿安围
长沙,4号线,平阳
南宁,5号线,明秀路
郑州,4号线,金融岛北
香港,屯马线,屯门
广州,3号线(北延段),广州东站
宁波,3号线,金海路
贵阳,3号线,学士路
福州,5号线,吴山
深圳,2号线/8号线,盐田墟
大连,13号线,长店堡
青岛,3号线,中山公园
广州,3号线(北延段),林和西
北京,4号线大兴线,西四
重庆,3号线,翠云
大连,13号线,石河北海
苏州,3号线,横塘
武汉,3号线,菱角湖
青岛,3号线,汇泉广场
合肥,3号线,合肥西站
杭州,2号线,朝阳
青岛,3号线,人民会堂
西安,4号线,行政中心
无锡,3号线,硕放机场
青岛,3号线,青岛站
南昌,4号线,丁家洲
天津,5号线,凌宾路
成都,2号线,成渝立交
青岛,4号线,人民会堂
长春,4号线,东大桥
昆明,4号线,玉缘路
天津,5号线,体育中心
上海,3号线,石龙路
佛山,广佛线,祖庙
南京,3号线,雨花门
沈阳,9号线,长白南
昆明,4号线,广卫
昆明,4号线,塔密
福州,5号线,盖山竹榄
长沙,4号线,长沙火车南站
南宁,5号线,北湖南路
宁波,4号线,慈城
郑州,4号线,金融岛南
香港,屯马线,兆康
贵阳,3号线,明珠大道
青岛,4号线,信号山(青大附院)
长沙,4号线,光达
重庆,3号线,长福路
广州,3号线(北延段),体育西路
北京,4号线大兴线,平安里
无锡,4号线,刘潭
武汉,3号线,香港路
大连,13号线,普湾体育场
合肥,3号线,杏花村
杭州,2号线,曹家桥
重庆,3号线,回兴
武汉,3号线,惠济二路
西安,4号线,市中医医院
重庆,3号线,双龙
南昌,4号线,观洲
成都,2号线,惠王陵
苏州,3号线,索山桥西
长春,4号线,伪满皇宫
成都,2号线,洪河
沈阳,9号线,榆树台
南京,3号线,武定门
佛山,广佛线,普君北路
上海,3号线,上海南站
天津,5号线,肿瘤医院
苏州,3号线,沙金桥
佛山,广佛线,朝安
贵阳,3号线,花溪南站
昆明,4号线,斗南
福州,5号线,义序
郑州,4号线,龙湖南
南宁,5号线,虎邱
香港,屯马线,天水围
宁波,4号线,官山河
深圳,2号线/8号线,小梅沙
青岛,4号线,观象山(市立医院)
南京,3号线,夫子庙
北京,4号线大兴线,新街口
广州,4号线,黄村
长沙,4号线,杜家坪
西安,4号线,常青路
无锡,4号线,广石路
大连,13号线,石河黄旗
长沙,5号线,水渡河
合肥,3号线,四泉桥
杭州,2号线,潘水
无锡,4号线,黄巷
武汉,3号线,赵家条
无锡,4号线,盛岸

重庆,3号线,碧津
大连,13号线,三十里堡
长春,4号线,北亚泰大街
沈阳,9号线,金阳大街
重庆,3号线,江北机场T2航站楼
上海,4号线,宜山路
天津,5号线,天津宾馆
成都,2号线,成都行政学院
大连,13号线,二十里堡
苏州,3号线,狮山路
成都,2号线,大面铺
佛山,广佛线,桂城
南宁,5号线,狮山公园
郑州,4号线,龙湖中环南
昆明,4号线,金桂街
贵阳,3号线,浪风关
福州,5号线,帝封江
大连,13号线,十三里
青岛,4号线,泰山路
深圳,3号线/龙岗线,福保
宁波,4号线,长兴路
郑州,4号线,农业东路
北京,4号线大兴线,西直门
南京,3号线,常府街
广州,4号线,车陂
宁波,4号线,金山路
西安,4号线,百花村
北京,4号线大兴线,动物园
长沙,5号线,土桥
合肥,3号线,郑河
杭州,2号线,人民路
青岛,4号线,昌乐路
武汉,3号线,罗家庄
合肥,3号线,海棠
南昌,4号线,灌婴路
无锡,4号线,惠山古镇
长春,4号线,长春站北
合肥,3号线,一里井
无锡,4号线,青山湾荣院
天津,5号线,文化中心
重庆,3号线北延伸段,碧津
上海,4号线,虹桥路
沈阳,9号线,彩霞街
合肥,3号线,淮南路
苏州,3号线,狮子山
沈阳,9号线,奥体中心
佛山,广佛线,南桂路
南宁,5号线,小鸡村
福州,5号线,螺洲古镇
香港,屯马线,元朗
昆明,4号线,梅子村
贵阳,3号线,桐木岭(省委党校)
成都,2号线,连山坡
深圳,3号线/龙岗线,益田
大连,13号线,九里
长春,6号线,双丰
南宁,5号线,邕宾立交
广州,4号线,车陂南
郑州,4号线,中央商务区
南京,3号线,大行宫
深圳,3号线/龙岗线,石厦
宁波,4号线,奥体中心
西安,4号线,余家寨
广州,4号线,万胜围
北京,4号线大兴线,国家图书馆
长沙,5号线,白茅铺
西安,4号线,大明宫北
武汉,3号线,二七小路
青岛,4号线,海泊河公园
杭州,2号线,人民广场
南昌,4号线,南昌大桥东
青岛,4号线,海泊桥(海慈医疗)
杭州,2号线,建设一路
武汉,3号线,兴业上南昌,4号线,桃苑

昆明,4号线,古城
青岛,4号线,西吴家村
深圳,3号线/龙岗线,购物公园
无锡,4号线,河埒口
广州,4号线,官洲
重庆,3号线北延伸段,双凤桥
长春,6号线,长春西站
宁波,4号线,洪塘中路
成都,2号线,界牌
天津,5号线,西南楼
北京,4号线大兴线,魏公村
苏州,3号线,何山
合肥,3号线,鸭林冲
广州,4号线,大学城北
沈阳,9号线,天成街
香港,屯马线,锦上路
佛山,广佛线,礌岗
广州,4号线,大学城南
大连,保税区线,大连站
杭州,2号线,建设三路
郑州,4号线,会展中心
南宁,5号线,降桥
南京,3号线,浮桥
杭州,2号线,振宁路
佛山,广佛线,千灯湖
长沙,5号线,月湖公园北
佛山,广佛线,金融高新区
西安,4号线,大明宫
杭州,2号线,飞虹路
佛山,广佛线,龙溪
成都,2号线,书房
上海,4号线,中山公园
武汉,3号线,后湖大道
津,5号线,下瓦房
宁波,4号线,洪大路
昆明,4号线,可乐村
深圳,3号线/龙岗线,福田
青岛,4号线,错埠岭
南昌,4号线,绳金塔
重庆,3号线北延伸段,空港广场
合肥,3号线,合肥火车站
无锡,4号线,西园弄
苏州,3号线,西津桥
北京,4号线大兴线,人民大学
沈阳,9号线,朗日街
青岛,4号线,福辽立交桥
香港,屯马线,荃湾西
佛山,广佛线,菊树
广州,4号线,新造
大连,保税区线,香炉礁
香港,屯马线,美孚
南宁,5号线,金桥客运站
南京,3号线,鸡鸣寺
郑州,4号线,商鼎路
大连,保税区线,金家街
重庆,3号线北延伸段,高堡湖
长沙,5号线,马栏山
大连,保税区线,泉水
西安,4号线,含元殿
长沙,5号线,鸭子铺
杭州,2号线,盈丰路
大连,保税区线,后盐
长沙,5号线,火炬村
深圳,3号线/龙岗线,少年宫
南昌,4号线,坛子口
成都,2号线,龙平路
宁波,4号线,庄桥火车站
昆明,4号线,祥丰街
上海,4号线,金沙江路
长春,6号线,支农大街
武汉,3号线,市民之家
福州,5号线,福州火车南站
天津,5号线,直沽
大连,保税区线,大连苏州,3号线,马运路
北京,4号线大兴线,海淀黄庄
无锡,4号线,体育中心
成都,2号线,龙泉驿
青岛,4号线,洪山坡(妇儿医院)
沈阳,9号线,长青南街
无锡,4号线,夏家边
佛山,广佛线,西塱
广州,4号线,石碁
无锡,4号线,蠡湖大桥
香港,屯马线,南昌
郑州,4号线,东十里铺
南京,3号线,南京林业大学·新庄
无锡,4号线,大剧院
南京,3号线,南京站
重庆,3号线北延伸段,观月路
广州,4号线,海傍
西安,4号线,西安站
重庆,3号线北延伸段,莲花
杭州,2号线,钱江世纪城
重庆,3号线北延伸段,举人坝
广州,4号线,低涌
长沙,5号线,马王堆
南昌,4号线,丁公路南
深圳,3号线/龙岗线,莲花村
上海,4号线,曹杨路
宁波,4号线,丽江路
长春,6号线,飞跃广场
武汉,3号线,宏图大道
福州,6号线,潘墩
天津,5号线,津塘路
昆明,4号线,牛头山
佛山,广佛线,鹤洞
大连,保税区线,金马路
合肥,3号线,方庙
苏州,3号线,铜墩
北京,4号线大兴线,中关村
昆明,4号线,联大街
成都,3号线,成都医学院
沈阳,9号线,建筑大学
青岛,4号线,劲松三路
昆明,4号线,吴家营
青岛,4号线,埠西
香港,屯马线,柯士甸
郑州,4号线,货站街
苏州,3号线,长亭
无锡,4号线,五湖大道
南京,3号线,小市
郑州,4号线,七里河
苏州,3号线,文昌路
西安,4号线,五路口
苏州,3号线,惠昌路
杭州,2号线,钱江路
合肥,3号线,窦桥湾
重庆,4号线,黄岭
苏州,3号线,苏州新区火车站
宁波,4号线,双东路
上海,4号线,镇坪路
福州,6号线,林浦
长春,6号线,欧亚卖场
武汉,4号线,柏林
天津,5号线,成林道
长沙,5号线,万家丽广场
深圳,3号线/龙岗线,华新
南昌,4号线,丁公路北
广州,4号线,东涌
西安,4号线,大差市
大连,保税区线,开发区
佛山,广佛线,沙涌
北京,4号线大兴线,北京大学东门
广州,4号线,庆盛
沈阳,10号线,丁香湖
成都,3号线,石油大学
佛山,广佛线,沙园
昆明,4号线,昆明南火车站
沈阳,10号线,元江街
香港,屯马线,尖东
青岛,4号线,大埠东
昆明,5号线,世博园
无锡,4号线,周新苑
福州,6号线,樟岚
郑州,4号线,果树所
南京,3号线,五塘广场
沈阳,10号线,向工街
南京,3号线,上元门
杭州,2号线,庆春广场
合肥,3号线,新海大道
福州,6号线,梁厝
重庆,4号线,石船
郑州,4号线,金岱
上海,4号线,中潭路
宁波,4号线,翠柏里
长春,6号线,光谷大街
南昌,4号线,人民公园
天津,5号线,靖江路
武汉,4号线,新庙村
深圳,3号线/龙岗线,通新岭
苏州,4号线,龙道浜
长沙,5号线,芙蓉区政府
西安,4号线,和平门
郑州,4号线,姚庄
大连,保税区线,保税区
北京,4号线大兴线,圆明园
长沙,5号线,高桥北
成都,3号线,钟楼
广州,4号线,黄阁汽车城
西安,4号线,建筑科技大学·李家村
佛山,广佛线,燕岗
香港,屯马线,红磡
广州,4号线,黄阁
青岛,4号线,辽阳东路
佛山,广佛线,石溪
昆明,5号线,白龙寺
无锡,4号线,市民中心
青岛,4号线,董家下庄
佛山,广佛线,南洲
沈阳,10号线,塔湾街
青岛,4号线,科苑经七路
南京,3号线,柳洲东路
杭州,2号线,庆菱路
无锡,4号线,吴都路
合肥,3号线,勤劳村
重庆,4号线,桐梓林
福州,6号线,下洋
南昌,4号线,上沙沟
岭
杭州,2号线,建国北路
上海,4号线,上海火车站
长春,6号线,硅谷广场
宁波,4号线,大卿桥
天津,5号线,幸福公园
武汉,4号线,临嶂大道
福州,6号线,营前
大连,九里线,和平路
郑州,4号线,郎庄
北京,4号线大兴线,西苑
长沙,5号线,高桥南
苏州,4号线,姚祥
成都,3号线,马超西路
大连,九里线,东山路
西安,4号线,西安科技大学
成都,3号线,团结新区
香港,屯马线,何文田
广州,4号线,蕉门
西安,4号线,大雁塔
昆明,5号线,石闸
广州,4号线,金洲
广州,4号线,飞沙角
大连,九里线,鸿玮澜山
苏州,4号线,活力岛
沈阳,10号线,淮河街沈医二院
佛山,广佛线,沥滘
长沙,5号线,圭塘
南京,3号线,天润城
青岛,4号线,张村
合肥,3号线,文浍苑
无锡,4号线,丰润道
重庆,4号线,普福
沈阳,10号线,百鸟公园
青岛,4号线,彭家庄
上海,4号线,宝山路
杭州,2号线,中河北路
深圳,3号线/龙岗线,老街
天津,5号线,月牙河
南昌,4号线,起凤路

宁波,4号线,柳西
长春,6号线,百花园
无锡,4号线,博览中心
福州,6号线,航城
郑州,5号线,月季公园
北京,4号线大兴线,北宫门
天津,5号线,金钟河大街
郑州,5号线,沙口路
南昌,4号线,七里
香港,屯马线,土瓜湾
成都,3号线,锦水河
郑州,5号线,海滩寺
昆明,5号线,穿金路
西安,4号线,大唐芙蓉园
香港,屯马线,宋皇台
苏州,4号线,孙武纪念园
西安,4号线,曲江池西
广州,4号线,广隆
泰
深圳,3号线/龙岗线,晒布
南京,3号线,泰冯路
长沙,5号线,木桥
重庆,4号线,高石塔
大连,九里线,开发区
沈阳,10号线,长江街
合肥,3号线,幼儿师范
青岛,4号线,南宅科
宁波,4号线,宁波火车站
深圳,3号线/龙岗线,翠竹
武汉,4号线,凤凰路
长春,6号线,市法院
上海,4号线,海伦路
西安,4号线,金滹沱
北京,4号线大兴线,安河桥北
福州,6号线,郑和
上海,4号线,临平路
天津,5号线,建昌道
合肥,3号线,职教城
合肥,3号线,职教城东
南昌,4号线,民园路西
南京,3号线,东大成贤学院
重庆,4号线,龙兴
大连,九里线,金马路
香港,屯马线,启德
苏州,4号线,平泷路西
福州,6号线,十洋
西安,4号线,航天大道
成都,3号线,三河场
园
长沙,5号线,雨花区政府
重庆,4号线,龙驿大道
合肥,3号线,相城路
成都,3号线,金华寺东路
合肥,4号线,青龙岗
青岛,4号线,小崂山
杭州,2号线,武林门
深圳,3号线/龙岗线,田贝
宁波,4号线,兴宁桥西
合肥,4号线,合肥七中
杭州,2号线,沈塘桥
上海,4号线,大连路
天津,5号线,思源路
昆明,5号线,圆通山
西安,4号线,飞天路
南京,3号线,星火路
天津,5号线,志成路
大连,九里线,大连湾
沈阳,10号线,陵东街
郑州,5号线,黄河路
北京,5号线,刘家窑
广州,4号线,塘坑
武汉,4号线,知音
苏州,4号线,苏锦
香港,屯马线,钻石山
南昌,4号线,火炬
福州,6号线,吴航
长春,6号线,轨道集团
合肥,4号线,量子科学中心
长沙,5号线,大塘
长春,6号线,新明街
重庆,4号线,三板溪
昆明,5号线,华山西路
长沙,5号线,板塘冲
长春,6号线,华庆路
成都,3号线,植物园
合肥,4号线,科大先研院
昆明,5号线,五一路
深圳,3号线/龙岗线,水贝
青岛,4号线,沙子口
宁波,4号线,兴宁桥东
长春,6号线,南溪湿地公园
青岛,4号线,段家埠
上海,4号线,杨树浦路
杭州,2号线,下宁桥
长春,6号线,福祉大路
香港,屯马线,显径
广州,4号线,南横
沈阳,10号线,北塔
北京,5号线,蒲黄榆

南京,3号线,林场
南昌,4号线,北沥
武汉,4号线,集贤
天津,5号线,张兴庄
郑州,5号线,省人民医院
大连,九里线,后盐
福州,6号线,鹤上
苏州,4号线,苏州火车站
合肥,4号线,北雁湖
福州,6号线,沙京
重庆,4号线,复盛
福州,6号线,莲花
合肥,4号线,玉兰大道
长沙,5号线,毛竹塘
成都,3号线,军区总医院
青岛,4号线,登瀛
合肥,4号线,金桂
深圳,3号线/龙岗线,草埔
宁波,4号线,白鹤
昆明,5号线,弥勒寺
青岛,4号线,大河东
上海,4号线,浦东大道
宁波,4号线,儿童公园
青岛,8号线,胶州北站
杭州,2号线,学院路
上海,4号线,世纪大道
香港,屯马线,大围
南昌,4号线,科技城
大连,九里线,泉水
沈阳,10号线,合作街
郑州,5号线,姚砦·聂庄
苏州,4号线,北寺塔
港
西安,4号线,神舟大道
北京,5号线,天坛东门
南京,4号线,龙江
长春,6号线,吴家店
武汉,4号线,新天
天津,5号线,宜兴埠北
杭州,2号线,古翠路
天津,5号线,辽河北道
重庆,4号线,石河清
杭州,2号线,丰潭路
福州,6号线,下吴
重庆,4号线,雁坪
长沙,6号线,谢家桥
成都,3号线,熊猫大道
大连,九里线,金家街
昆明,5号线,严家地
深圳,3号线/龙岗线,布吉
成都,3号线,动物园
合肥,4号线,柳树塘
大连,九里线,香炉礁
成都,3号线,昭觉寺南路
宁波,4号线,矮柳
福州,6号线,壶井
青岛,8号线,胶东机场
福州,6号线,万寿
苏州,4号线,察院场
南京,4号线,草场门·南艺·二师
南昌,4号线,鱼尾洲
香港,屯马线,车公庙
沈阳,10号线,东北大马路
郑州,5号线,众意西路
武汉,4号线,黄金口

上海,4号线,浦电路(4号线)
广州,5号线,滘口
长春,6号线,亚泰足球基地
北京,5号线,磁器口
青岛,8号线,胶东
广州,5号线,坦尾
天津,5号线,淮河道
杭州,2号线,文新
重庆,4号线,鱼嘴
广州,5号线,中山八
长沙,6号线,象鼻窝
合肥,4号线,图书馆
上海,4号线,蓝村路
昆明,5号线,金兰路
深圳,3号线/龙岗线,木棉湾
大连,九里线,大连站
重庆,4号线,果园物流枢纽
昆明,5号线,福海
宁波,4号线,潘火路
成都,3号线,驷马桥
大连,九里支线,九里
南京,4号线,云南路
广州,5号线,西场
长春,6号线,樱花街
西安,4号线,航天新城
香港,屯马线,沙田围
郑州,5号线,中央商务区
苏州,4号线,乐桥
北京,5号线,崇文门
沈阳,10号线,滂江街
武汉,4号线,孟家铺
大连,九里支线,十九局
青岛,8号线,大涧
南京,4号线,鼓楼
天津,5号线,职业大学
大连,九里支线,和平路
杭州,2号线,三坝
长沙,6号线,中塘
南京,4号线,鸡鸣寺
合肥,4号线,天鹅湖
大连,九里支线,东山路
南京,4号线,九华山
深圳,3号线/龙岗线,大芬
上海,4号线,塘桥
大连,九里支线,鸿玮澜山
重庆,4号线,鹿栖
深圳,3号线/龙岗线,丹竹头
成都,3号线,李家沱
宁波,4号线,嵩江东路
昆明,5号线,广福路西口
大连,九里支线,通世泰
昆明,5号线,大坝
武汉,4号线,永安堂
郑州,5号线,儿童医院·颐和医院
长春,6号线,聚业大街
西安,5号线,创新港
北京,5号线,东单
香港,屯马线,第一城
苏州,4号线,三元坊
沈阳,10号线,长安路
广州,5号线,西村
青岛,8号线,红岛火车站
重庆,4号线,铁山坪
昆明,5号线,迎海路
天津,5号线,北辰道
青岛,8号线,健康中心
杭州,2号线,虾龙圩
长沙,6号线,一师范西校区
昆明,5号线,渔户村
杭州,2号线,三墩
合肥,4号线,天鹅湖东
天津,5号线,丹河北道
南京,4号线,岗子村
上海,4号线,南浦大桥
杭州,2号线,墩祥街
成都,3号线,前锋路
宁波,4号线,南高教园区
南京,4号线,蒋王庙
深圳,3号线/龙岗线,六约
大连,九里支线,开发区
杭州,2号线,金家渡
深圳,3号线/龙岗线,塘坑
香港,屯马线,石门
苏州,4号线,南门
广州,5号线,广州火车站
郑州,5号线,祭城
沈阳,10号线,万莲
西安,5号线,创新港东
武汉,4号线,玉龙路
长春,6号线,省博物院
北京,5号线,灯市口
合肥,4号线,姚公庙
重庆,4号线,唐家沱
沈阳,10号线,泉园
重庆,4号线,太平冲
青岛,8号线,健身中心(红岛会展)
长沙,6号线,长庆
沈阳,10号线,江东街
昆明,5号线,兴体路
青岛,8号线,观涛
长沙,6号线,和馨园
天津,5号线,北辰科技园北
上海,4号线,西藏南路
重庆,4号线,港城
长沙,6号线,长丰
成都,3号线,红星桥
南京,4号线,王家湾
宁波,4号线,金达南路
重庆,4号线,黑石子
杭州,2号线,白洋
南京,4号线,聚宝山
西安,5号线,翱翔小镇
香港,屯马线,大水坑
广州,5号线,小北
深圳,3号线/龙岗线,横岗
郑州,5号线,金水东路
武汉,4号线,王家湾
长春,6号线,长影世纪城
合肥,4号线,南屏路
杭州,2号线,杜甫村
深圳,3号线/龙岗线,永湖
杭州,2号线,良渚
郑州,5号线,郑州东站
昆明,5号线,庄家塘立交桥
合肥,4号线,薛河
青岛,8号线,红岛科技馆(方特)
昆明,5号线,金家河
天津,6号线,南孙庄
上海,4号线,鲁班路
昆明,5号线,福保
北京,5号线,张自忠路
上海,4号线,大木桥路
重庆,4号线,寸滩
成都,3号线,市二医院
宁波,4号线,小洋江
合肥,4号线,竹西
青岛,8号线,大洋
长沙,6号线,麓谷体育公园
北京,5号线,北新桥
宁波,4号线,东钱湖
广州,5号线,淘金
武汉,4号线,十里铺
长春,8号线,北环城路
西安,5号线,钓台
苏州,4号线,团结桥
南京,4号线,徐庄·苏宁总部
香港,屯马线,恒安
北京,5号线,雍和宫
香港,屯马线,马鞍山
深圳,3号线/龙岗线,荷坳
北京,5号线,和平里北街
郑州,5号线,康宁街
长春,8号线,一二三中学
,3(һ·-),ɽǰ
沈阳,10号线,长青南街
长春,8号线,小南
天津,6号线,南何庄
沈阳,10号线,理工大学
昆明,5号线,滇池国际会展中心
上海,4号线,东安路

合肥,4号线,淝南
成都,3号线,春熙路
重庆,4号线,保税港
青岛,8号线,青岛北站
长沙,6号线,麓谷公园
昆明,5号线,宝丰
南京,4号线,金马路
广州,5号线,区庄
苏州,4号线,宝带路
青岛,11号线,苗岭路
宁波,5号线,兴庄路
武汉,4号线,七里庙
西安,5号线,沣西文化公园
沈阳,10号线,张沙布
青岛,11号线,会展中心
深圳,3号线/龙岗线,大运
北京,5号线,和平西桥
深圳,3号线/龙岗线,爱联
郑州,5号线,省骨科医院
北京,5号线,惠新西街南口
,3(һ·-),Ҵ
郑州,5号线,经北二路
长春,8号线,小城子街
天津,6号线,大毕庄
青岛,11号线,青岛二中
香港,荃湾线,荃湾
长沙,6号线,涧塘
成都,3号线,新南门
重庆,4号线,头塘
上海,4号线,上海体育场
合肥,4号线,合肥南站
西安,5号线,东马坊
昆明,6号线,机场中心
合肥,4号线,望湖城南
武汉,4号线,五里墩
南京,4号线,汇通路
广州,5号线,动物园
宁波,5号线,三官堂
苏州,4号线,石湖东路
青岛,11号线,青岛科大
广州,5号线,杨箕
,3(һ·-),վ
青岛,11号线,张村
武汉,4号线,汉阳火车站
深圳,3号线/龙岗线,吉祥
宁波,5号线,盎孟港
上海,4号线,上海体育馆
昆明,6号线,机场前
长春,8号线,北湖大桥
重庆,4号线,重庆北站北广场
广州,5号线,五羊邨
苏州,4号线,红庄
天津,6号线,金钟街
北京,5号线,惠新西街北口
成都,3号线,磨子桥
合肥,4号线,葛大店南
郑州,5号线,经开中心广场
青岛,11号线,枯桃
北京,5号线,大屯路东
长沙,6号线,湖南工商大学
香港,荃湾线,大窝口
重庆,4号线,民安大道
香港,荃湾线,葵兴
南京,4号线,灵山
重庆,5号线,悦港北路
香港,荃湾线,葵芳
苏州,4号线,清树湾
香港,荃湾线,荔景
重庆,5号线,悦港大道
昆明,6号线,大板桥
武汉,4号线,钟家村
深圳,3号线/龙岗线,龙城广场
,3(һ·-),۱·
宁波,5号线,院士路
长春,8号线,北湖公园
西安,5号线,文教园
天津,6号线,徐庄子
北京,5号线,北苑路北
广州,5号线,珠江新城
合肥,4号线,工经学院
郑州,5号线,福塔东
Ϻ,5(ݷׯ--п),п
成都,3号线,省体育馆
苏州,4号线,花港
青岛,11号线,海洋大学
合肥,4号线,尧渡河路
长沙,6号线,白鸽咀
合肥,4号线,五里庙
苏州,4号线,江陵西路
南京,4号线,东流
合肥,4号线,唐桥
南京,4号线,孟北
南京,4号线,西岗桦墅
合肥,4号线,东七里
重庆,5号线,椿萱大道
香港,荃湾线,美孚
Ϻ,5(ݷׯ--п),ľ·
青岛,11号线,世博园
香港,荃湾线,荔枝角
武汉,4号线,拦江路
深圳,3号线/龙岗线,南联
广州,5号线,猎德
郑州,5号线,中原福塔
香港,荃湾线,长沙湾
,3(һ·-),һ·
长春,8号线,和安街
昆明,6号线,东部汽车站
西安,5号线,欢乐谷
宁波,5号线,会展中心
天津,6号线,金钟河大街
北京,5号线,立水桥南
成都,3号线,衣冠庙
深圳,3号线/龙岗线,双龙
长沙,6号线,湘雅三医院
Ϻ,5(ݷׯ--п),·
长沙,6号线,六沟垅
苏州,4号线,江兴西路
Ϻ,5(ݷׯ--п),ƽ·
宁波,5号线,民安东路
Ϻ,5(ݷׯ--п),·
南京,4号线,仙林湖
宁波,5号线,海晏北路
合肥,4号线,站塘
重庆,5号线,中央公园西
Ϻ,5(ݷׯ--п),·
青岛,11号线,北宅
合肥,4号线,方庙
武汉,4号线,复兴路
郑州,5号线,七里河
广州,5号线,潭村
Ϻ,5(ݷׯ--п),
香港,荃湾线,深水埗
广州,5号线,员村
西安,5号线,镐京
),͡·
成都,3号线,高升桥
天津,6号线,民权门
昆明,6号线,菊华
长春,8号线,光机路
北京,5号线,立水桥
香港,荃湾线,太子
深圳,4号线/龙华线,福田口岸
广州,5号线,科韵路
长沙,6号线,文昌阁
苏州,4号线,流虹路
香港,荃湾线,旺角
深圳,4号线/龙华线,福民
合肥,4号线,新海公园
青岛,11号线,北九水
郑州,5号线,航海广场
广州,5号线,车陂南
香港,荃湾线,油麻地
南京,5号线,吉印大道
长沙,6号线,湘雅医院
长春,8号线,大学城路
,3(һ·-),ȫ
宁波,5号线,柳隘
重庆,5号线,鲁家沟
长春,8号线,地理所
宁波,5号线,曹隘
武汉,4号线,首义路
重庆,5号线,甘悦大道
Ϻ,5(ݷׯ--п),
长沙,6号线,烈士公园南
青岛,11号线,庙石
成都,3号线,红牌楼
西安,5号线,复兴大道南
北京,5号线,天通苑南
天津,6号线,北宁公园
昆明,6号线,东郊路
香港,荃湾线,佐敦
苏州,4号线,笠泽路
香港,荃湾线,尖沙咀
香港,荃湾线,金钟
南京,5号线,九龙湖南
郑州,5号线,城东南路
广州,5号线,东圃
合肥,4号线,十里村
深圳,4号线/龙华线,会展中心
昆明,6号线,岔街
苏州,4号线,顾家荡
香港,荃湾线,中环
,3(һ·-),߽·
长春,8号线,奥林匹克公园
Ϻ,5(ݷׯ--п),·
宁波,5号线,泗港
武汉,4号线,武昌火车站
重庆,5号线,园博中心
宁波,5号线,大洋江
青岛,11号线,浦里
广州,5号线,三溪
长沙,6号线,迎宾路口
北京,5号线,天通苑
天津,6号线,北站
成都,3号线,太平园
西安,5号线,斗门
苏州,4号线,苏州湾东
长沙,6号线,窑岭湘雅二医院
合肥,4号线,陶冲湖东
南京,5号线,诚信大道
郑州,5号线,南五里堡
深圳,4号线/龙华线,市民中心
长春,8号线,广通路
北京,5号线,天通苑北
昆明,6号线,塘子巷
南京,5号线,前庄
长沙,6号线,朝阳村
西安,5号线,王寺
北京,6号线,潞城
,3(һ·-),ʤ·
Ϻ,5(ݷׯ--п),·
成都,3号线,川藏立交
武汉,4号线,梅苑小区
宁波,5号线,下应路
天津,6号线,新开河
长沙,6号线,芙蓉区政府
青岛,11号线,鳌山卫
,3(һ·-),԰
苏州,4号线,松陵大道
成都,3号线,武侯立交
合肥,4号线,安医一附院北区
,3(һ·-),Ϫʪ
郑州,5号线,冯庄
深圳,4号线/龙华线,少年宫
青岛,11号线,山东大学
成都,3号线,武青南路
天津,6号线,外院附中
,3(һ·-),
Ϻ,5(ݷׯ--п),ݷׯ
武汉,4号线,中南路
合肥,4号线,综保区
青岛,11号线,蓝色硅谷

长沙,6号线,人民东路
重庆,5号线,湖霞街
南京,5号线,科宁路
广州,5号线,大沙地
苏州,4号线,吴江人民广场
青岛,11号线,水泊
西安,5号线,阿房宫南
北京,6号线,东夏园
郑州,5号线,京广南路
,3(һ·-),
成都,3号线,双凤桥
青岛,11号线,博览中心
,3(һ·-),Ŷ·
深圳,4号线/龙华线,莲花北
西安,5号线,石桥立交
,3(һ·-),ŵ´
天津,6号线,天泰路
合肥,5号线,汲桥路
深圳,4号线/龙华线,上梅林
重庆,5号线,重光
广州,5号线,大沙东
武汉,4号线,洪山广场
南京,5号线,竹山路
长沙,6号线,花桥
路
Ϻ,5(ݷׯ--³),ݷׯ
南京,5号线,新亭路
苏州,4号线,吴江汽车站
北京,6号线,郝家府
长沙,6号线,隆平水稻博物馆
郑州,5号线,市第二人民医院
苏州,4号线,庞金路
西安,5号线,西窑头
成都,3号线,龙桥路
广州,5号线,文冲
青岛,11号线,温泉东
郑州,5号线,齐礼阎
深圳,4号线/龙华线,民乐
郑州,5号线,后河芦
郑州,5号线,桐淮
天津,6号线,北竹林
,3(һ·-),ŵ
重庆,5号线,和睦路
武汉,4号线,楚河汉街
宁波,5号线,鄞州区政府
合肥,5号线,六中菱湖校区
Ϻ,5(ݷׯ--³),·
南京,5号线,东山
天津,6号线,西站
北京,6号线,北运河东
重庆,5号线,人和
长沙,6号线,农科院农大
重庆,5号线,幸福广场
苏州,4号线,同里
长沙,6号线,东湖
成都,3号线,航都大街
长沙,6号线,韶光
青岛,11号线,皋虞
广州,5号线,双沙
成都,3号线,迎春桥
重庆,5号线,冉家坝
深圳,4号线/龙华线,白石龙
合肥,5号线,菱湖公园
合肥,5号线,北五里井
郑州,5号线,陇海西路
合肥,5号线,海棠
武汉,4号线,青鱼嘴
,3(һ·-),
宁波,5号线,钟公庙
深圳,4号线/龙华线,深圳北站
Ϻ,5(ݷׯ--³),·
北京,6号线,北运河西
南京,5号线,文靖路
天津,6号线,复兴路
,3(һ·-),
Ϻ,5(ݷׯ--³),
苏州,4号线支线,红庄
,3(һ·-),
西安,5号线,金光门
深圳,4号线/龙华线,红山
宁波,5号线,庙堰
青岛,11号线,臧村
苏州,4号线支线,蠡墅
广州,5号线,庙头
长沙,6号线,龙华
合肥,5号线,白水坝
成都,3号线,东升
广州,5号线,夏园
郑州,5号线,市中心医院
合肥,5号线,杏花公园
重庆,5号线,大龙山
郑州,5号线,五一公园
南京,S6号线,马群
广州,5号线,保盈大道
重庆,5号线,大石坝
武汉,4号线,东亭
广州,5号线,夏港
北京,6号线,通州北关
青岛,11号线,钱谷山
天津,6号线,人民医院
青岛,13号线,嘉陵江西路
Ϻ,5(ݷׯ--³),
深圳,4号线/龙华线,上塘
苏州,4号线支线,石湖莫舍
长沙,6号线,檀木桥
青岛,13号线,香江路
,3(һ·-),ֹ㳡
西安,5号线,丰庆公园
宁波,5号线,雅渡
合肥,5号线,三孝口
成都,3号线,双流广场
长沙,6号线,曹家坪
成都,3号线,三里坝
南京,S6号线,百水桥
郑州,6号线,常庄
北京,6号线,物资学院路
郑州,6号线,奥体中心
武汉,4号线,岳家嘴
重庆,5号线,忠恕沱
青岛,13号线,井冈山路
广州,5号线,黄埔新港
重庆,5号线,红岩村
天津,6号线,长虹公园
武汉,4号线,铁机路
青岛,13号线,积米崖
合肥,5号线,稻香楼

西
长沙,6号线,龙峰
深圳,4号线/龙华线,龙胜
广州,6号线,香雪
Ϻ,5(ݷׯ--³),·
天津,6号线,宜宾道
,3(һ·-),Ļ㳡
西安,5号线,西北工业大学
宁波,5号线,石碶
青岛,13号线,学院路
合肥,5号线,中国科大东区
成都,3号线,双流西站
,3(һ·-),·
北京,6号线,草房
合肥,5号线,市第三医院
,3(һ·-),
成都,4号线,西河
重庆,5号线,歇台子
,3(һ·-),
重庆,5号线,石桥铺
北京,6号线,常营
深圳,4号线/龙华线,龙华
长沙,6号线,大路村
广州,6号线,萝岗

苏州,4号线支线,文溪路
郑州,6号线,金桢路
南京,S6号线,东郊小镇
重庆,5号线,石新路
天津,6号线,鞍山西道
Ϻ,5(ݷׯ--³),·
南京,S6号线,古泉
Ϻ,5(ݷׯ--³),·
宁波,5号线,同德路
西安,5号线,边家村
青岛,13号线,朝阳山
武汉,4号线,仁和路
合肥,5号线,休宁路
武汉,4号线,工业四路
宁波,5号线,张家潭
成都,4号线,明蜀王陵
合肥,5号线,凌大塘
武汉,4号线,杨春湖
宁波,5号线,布政
Ϻ,5(ݷׯ--³),
雁村
广州,6号线,苏元
苏州,4号线支线,天鹅荡路
北京,6号线,黄渠
长沙,6号线,木马塅
南京,S6号线,南京猿人洞
,3(һ·-),
合肥,5号线,望湖城西
重庆,5号线,巴山
深圳,4号线/龙华线,清湖
郑州,6号线,河南建院
重庆,5号线,凤西路
天津,6号线,天拖
青岛,13号线,辛屯(灵山湾)
郑州,6号线,马寨

深圳,4号线/龙华线,清湖北
广州,6号线,暹岗
苏州,4号线支线,苏州湾北
合肥,5号线,合肥南站
武汉,4号线,武汉火车站
合肥,5号线,盛大
天津,6号线,一中心医院
合肥,5号线,包河苑
南京,S6号线,泉都大街
广州,6号线,金峰
重庆,5号线,重庆西站
长沙,6号线,黄花机场T1T2
深圳,4号线/龙华线,竹村
郑州,6号线,安宁路
,3(һ·-),ؽ
北京,6号线,褡裢坡
青岛,13号线,隐珠
苏州,4号线支线,木里
成都,4号线,成都大学
深圳,4号线/龙华线,茜坑
广州,6号线,黄陂
南京,S6号线,黄梅
郑州,6号线,洞林寺
合肥,5号线,义兴
路
长沙,长株潭西环线,山塘
成都,4号线,十陵
,3(һ·-),ֹ㳡
西安,5号线,南稍门
广州,6号线,高塘石
苏州,5号线,阳澄湖南
重庆,5号线,华岩寺
成都,4号线,来龙
Ϻ,5(ݷׯ--³),
,3(һ·-),·
北京,6号线,青年路
重庆,5号线,华成路
北京,6号线,十里堡
武汉,5号线,红霞
重庆,5号线,半山
武汉,5号线,黄家湖(武科大)
天津,6号线,红旗南路
长沙,长株潭西环线,大王山
合肥,5号线,大连路
郑州,6号线,洞林湖
深圳,4号线/龙华线,长湖
青岛,13号线,双珠路
南京,S6号线,童世界
武汉,5号线,中医药大学
天津,6号线,迎风道
广州,6号线,柯木塱
苏州,5号线,葑亭大道
成都,4号线,槐树店
西安,5号线,文艺路
重庆,5号线,中梁山
Ϻ,5(ݷׯ--³),ִ
苏州,5号线,东沙湖
,3(һ·-),ͬЭ·
广州,6号线,龙洞
苏州,5号线,龙墩
北京,6号线,金台路
广州,6号线,植物园
北京,6号线,呼家楼
郑州,6号线,贾峪
南京,S6号线,华阳
长沙,长株潭西环线,桐溪
合肥,5号线,花园大道
青岛,13号线,世纪大道
广州,6号线,长湴
苏州,5号线,星塘街
武汉,5号线,白沙六路
广州,6号线,天河客运站
天津,6号线,南翠屏
苏州,5号线,方洲公园
西安,5号线,建筑科技大学·李家村
成都,4号线,万年场
天津,6号线,水上公园东路
重庆,5号线,金建路
苏州,5号线,苏州奥体中心
Ϻ,5(ݷׯ--³),Ƕ·
重庆,5号线,华岩中心
,3(һ·-),һ԰
苏州,5号线,斜塘
长沙,长株潭西环线,红桥
,3(һ·-),
南京,S6号线,崇明
北京,6号线,东大桥
,3(һ·-),׽
合肥,5号线,黄河路
青岛,13号线,盛海路(世博城)
深圳,4号线/龙华线,松元厦
郑州,10号线,郑州西站
南京,S6号线,句容
武汉,5号线,光霞
南京,S7号线(宁溧线),空港新城江宁
广州,6号线,燕塘
武汉,5号线,张家湾
西安,5号线,太乙路
成都,4号线,双桥路
广州,6号线,天平架
天津,6号线,肿瘤医院
南京,S7号线(宁溧线),柘塘
Ϻ,5(ݷׯ--³),԰·
天津,6号线,天津宾馆
重庆,5号线,跳磴
成都,4号线,玉双路
苏州,5号线,华莲
,3(һ·-),ƺɽ
长沙,长株潭西环线,坪塘
苏州,5号线,金湖
北京,6号线,朝阳门
长沙,长株潭西环线,双湖
合肥,5号线,扬子江路
郑州,10号线,李商隐公园
青岛,13号线,大珠山
深圳,4号线/龙华线,观澜湖
长沙,长株潭西环线,黄家湾
武汉,5号线,烽火村
武汉,5号线,八铺街
成都,4号线,市二医院
西安,5号线,雁翔路北口
北京,6号线,东四
Ϻ,5(ݷׯ--³),𺣺
重庆,6号线,茶园
,3(һ·-),
天津,6号线,文化中心
广州,6号线,沙河顶
南京,S7号线(宁溧线),空港新城溧水
Ϻ,5(ݷׯ--³),³
广州,6号线,黄花岗
广州,6号线,区庄
),群力
长沙,长株潭西环线,船形山
青岛,13号线,张家楼
深圳,4号线/龙华线,牛湖
天津,6号线,乐园道
青岛,13号线,古镇口
苏州,5号线,李公堤南
青岛,13号线,龙湾
合肥,5号线,义城
郑州,10号线,庙王
苏州,5号线,星波街
合肥,5号线,省行政中心东
苏州,5号线,金厍桥
合肥,5号线,方兴湖
青岛,13号线,琅琊
北京,6号线,南锣鼓巷
重庆,6号线,邱家湾
西安,5号线,青龙寺
武汉,5号线,复兴路
成都,4号线,太升南路
郑州,10号线,柳湖
,3(ʯ-),
深圳,5号线/环中线,赤湾
上海,6号线,东方体育中心
郑州,10号线,市委党校
郑州,10号线,郑州一中
深圳,5号线/环中线,荔湾
上海,6号线,灵岩南路
广州,6号线,东山口
长沙,长株潭西环线,湘潭北站
,3(ʯ-),ƺɽ
南京,S7号线(宁溧线),卧龙湖
上海,6号线,上南路
郑州,10号线,西流湖公园南
天津,6号线,医大二院
天津,6号线,梅江道
南京,S7号线(宁溧线),溧水
,3(ʯ-),׽
成都,4号线,骡马市
长沙,磁浮快线,磁浮机场站
上海,6号线,华夏西路
重庆,6号线,长生桥
苏州,5号线,黄天荡
西安,5号线,理工大曲江校区
武汉,5号线,彭刘杨
青岛,13号线,贡口湾
北京,6号线,北海北
合肥,5号线,渡江纪念馆
成都,4号线,宽窄巷子
广州,6号线,东湖
苏州,5号线,荷花荡
天津,6号线,左江道
深圳,5号线/环中线,铁路公园
长沙,磁浮快线,磁浮榔梨
合肥,5号线,沈湾
青岛,13号线,董家口港
郑州,10号线,二砂
南京,S7号线(宁溧线),中山湖
苏州,5号线,竹辉桥
深圳,5号线/环中线,妈湾
广州,6号线,团一大广场
长沙,磁浮快线,磁浮高铁站
武汉,5号线,司门口黄鹤楼
深圳,5号线/环中线,前湾公园
成都,4号线,中医大省医院
广州,6号线,北京路
深圳,5号线/环中线,前湾
西安,5号线,黄渠头
重庆,6号线,刘家坪
上海,6号线,高青路
,3(ʯ-),
北京,6号线,平安里
广州,6号线,海珠广场
南京,S7号线(宁溧线),幸庄
郑州,10号线,市中心医院
广州,6号线,一德路
青岛,13号线,泊里
广州,6号线,文化公园
天津,6号线,梅江公园
青岛,13号线,董家口火车站
合肥,5号线,华山路
广州,6号线,黄沙
合肥,5号线,云谷路
武汉,5号线,昙华林武胜门
合肥,5号线,清水冲
南京,S7号线(宁溧线),无想山
广州,6号线,如意坊
合肥,5号线,云川公园
成都,4号线,草堂北路
郑州,10号线,绿城广场
深圳,5号线/环中线,桂湾
合肥,5号线,滨湖竹园
,3(ʯ-),һ԰
西安,5号线,马腾空
上海,6号线,东明路
重庆,6号线,上新街
北京,6号线,车公庄
苏州,5号线,南门
天津,6号线,梅江会展中心
重庆,6号线,小什字
深圳,5号线/环中线,前海湾
,3(ʯ-),ͬЭ·
广州,6号线,坦尾
郑州,10号线,医学院
南京,7号线,仙新路
天津,6号线,解放南路
西安,6号线,纺织城
上海,6号线,高科西路
合肥,5号线,贵阳路
深圳,5号线/环中线,临海
武汉,5号线,积玉桥

苏州,5号线,新市桥
北京,6号线,车公庄西
武汉,5号线,三层楼
重庆,6号线,大剧院
苏州,5号线,劳动路
重庆,6号线,江北城
郑州,10号线,郑州火车站
西安,6号线,纺二路
上海,6号线,临沂新村
苏州,5号线,索山桥西
成都,4号线,文化宫
北京,6号线,二里沟
,3(ʯ-),·
天津,6号线,洞庭路
武汉,5号线,三角路
广州,6号线,河沙
苏州,5号线,落星桥
深圳,5号线/环中线,宝华
南京,7号线,尧化门
重庆,6号线,五里店
,3(ʯ-),ؽ
重庆,6号线,红土地
,3(ʯ-),
,3(ʯ-),
重庆,6号线,黄泥塝
苏州,5号线,石城
重庆,6号线,红旗河沟
郑州,12号线,龙子湖东
,3(ʯ-),
深圳,5号线/环中线,宝安中心
,3(ʯ-),·
成都,4号线,清江西路
上海,6号线,上海儿童医学中心
西安,6号线,纺六路
北京,6号线,白石桥南
深圳,5号线/环中线,翻身
西安,6号线,穆将王
武汉,5号线,徐家棚
天津,6号线,梅林路
南京,7号线,尧化新村
广州,6号线,沙贝
重庆,6号线,花卉园
广州,6号线,横沙
武汉,5号线,杨园铁四院
天津,6号线,渌水道
成都,4号线,成都西站
广州,6号线,浔峰岗
芝
上海,6号线,蓝村路
重庆,6号线,大龙山
,3(ʯ-),Ļ㳡
西安,6号线,田家湾
郑州,12号线,龙子湖
南京,7号线,丁家庄南
武汉,5号线,余家头
重庆,6号线,冉家坝
广州,7号线,燕山
郑州,12号线,龙子湖西
南京,7号线,丁家庄
深圳,5号线/环中线,洪浪北
苏州,5号线,大治桥
郑州,12号线,高铁公园
广州,7号线,水西
郑州,12号线,东风东路
苏州,5号线,渎川桥
深圳,5号线/环中线,兴东
深圳,5号线/环中线,留仙洞
郑州,12号线,儿童医院·颐和医院
苏州,5号线,灵岩山
广州,7号线,萝岗
南京,7号线,晓庄
广州,7号线,科丰路
郑州,12号线,黄河南路
苏州,5号线,许家桥
苏州,5号线,茅蓬路东
北京,6号线,慈寿寺
上海,6号线,浦电路(6号线)
深圳,5号线/环中线,西丽
北京,6号线,海淀五路居
,3(ʯ-),ֹ㳡
天津,6号线,渌水道
武汉,5号线,科普公园
西安,6号线,卫星测控中心
重庆,6号线,光电园
深圳,5号线/环中线,大学城
苏州,5号线,胥口
深圳,5号线/环中线,塘朗
,3(ʯ-),
北京,6号线,田村
苏州,5号线,津桥
南京,7号线,幕府山
郑州,12号线,西周
广州,7号线,加庄
深圳,5号线/环中线,长岭陂
广州,7号线,姬堂
成都,4号线,蔡桥
上海,6号线,世纪大道
深圳,5号线/环中线,深圳北站
上海,6号线,源深体育中心
深圳,5号线/环中线,民治
天津,6号线,双港
武汉,5号线,建设二路
重庆,6号线,大竹林
西安,6号线,万寿南路
上海,6号线,民生路
苏州,5号线,花墩
北京,6号线,廖公庄
南京,7号线,五塘广场
郑州,12号线,经北五路
,3(ʯ-),
武汉,5号线,和平公园
广州,7号线,大沙东
深圳,5号线/环中线,五和
南京,7号线,幕府西路
苏州,5号线,太湖香山
天津,6号线,景荷道
上海,6号线,北洋泾路
成都,4号线,非遗博览园
西安,6号线,公园南路
成都,4号线,马厂坝
重庆,6号线,康庄
广州,7号线,裕丰围
苏州,11号线,金厍桥
广州,7号线,长洲
南京,7号线南段,应天大街
郑州,12号线,福塔东
深圳,5号线/环中线,坂田
北京,6号线,西黄村
武汉,5号线,红钢城
,3(ʯ-),
广州,7号线,深井
,3(ʯ-),ŵ
天津,6号线,景荔道
南京,7号线南段,梦都大街东
上海,6号线,德平路
,3(ʯ-),ŵ´
西安,6号线,咸宁路
上海,6号线,云山路
成都,4号线,凤凰大街
南京,7号线南段,新城科技园
重庆,6号线,九曲河
成都,4号线,涌泉
重庆,6号线,礼嘉
苏州,11号线,李公堤西
成都,4号线,光华公园
重庆,6号线,金山寺
郑州,12号线,梁湖
深圳,5号线/环中线,杨美
北京,6号线,杨庄
武汉,5号线,青宜居
南京,7号线南段,中胜
广州,7号线,大学城南
郑州,14号线,铁炉
天津,6号线,天津大学北洋园校区
重庆,6号线,曹家湾
深圳,5号线/环中线,上水径
,3(ʯ-),Ŷ·
西安,6号线,交通大学·兴庆宫
重庆,6号线,蔡家
上海,6号线,金桥路
天津,6号线,海河教育园区
重庆,6号线,向家岗
,3(ʯ-),
深圳,5号线/环中线,下水径
郑州,14号线,市委党校
西安,6号线,长乐门
天津,6号线,南开大学津南校区
上海,6号线,博兴路
重庆,6号线,龙凤溪
广州,7号线,板桥
成都,4号线,南熏大道
南京,7号线南段,嘉陵江东街
苏州,11号线,东方之门
天津,6号线,和慧南路
广州,7号线,员岗
苏州,11号线,烟雨桥
,3(ʯ-),
南京,7号线南段,永初路
郑州,14号线,奥体中心
北京,6号线,苹果园
武汉,5号线,工人村
深圳,5号线/环中线,长龙
成都,4号线,凤溪河
重庆,6号线,状元碑
天津,6号线,咸水沽西
深圳,5号线/环中线,布吉
天津,9号线,东海路
深圳,5号线/环中线,百鸽笼
天津,9号线,会展中心
苏州,11号线,倪浜
郑州,14号线,莲湖
天津,9号线,太湖路
上海,6号线,五莲路
西安,6号线,大差市
武汉,5号线,武钢
上海,6号线,巨峰路
南京,7号线南段,太清路
重庆,6号线,西南大学
,3(ʯ-),Ϫʪ
北京,6号线,金安桥
广州,7号线,南村万博
成都,4号线,凤溪河
武汉,5号线,厂前
广州,7号线,汉溪长隆
武汉,5号线,武汉站东广场
成都,4号线,杨柳河
深圳,5号线/环中线,布心
武汉,6号线,新城十一路
深圳,5号线/环中线,太安
苏州,11号线,唐庄
广州,7号线,钟村
郑州,城郊线,南四环
成都,4号线,万盛
西安,6号线,钟楼
天津,9号线,市民广场
郑州,城郊线,十八里河
天津,9号线,泰达
上海,6号线,东靖路
南京,7号线南段,螺塘路
北京,7号线,环球度假区
,3(ʯ-),
重庆,6号线,北碚
成都,5号线,华桂路
南京,7号线南段,西善桥
南京,S8号线(宁天线),长江大桥北
北京,7号线,花庄
武汉,6号线,码头潭公园
天津,9号线,塘沽
深圳,5号线/环中线,怡景
苏州,11号线,跨塘
天津,9号线,胡家园
广州,7号线,谢村
苏州,11号线,苏州园区火车站
西安,6号线,广济街
苏州,11号线,方湾街
郑州,城郊线,沙窝李
天津,9号线,钢管公司
上海,6号线,五洲大道
重庆,6号线支线(国博线),沙河坝
,3(ʯ-),
郑州,城郊线,双湖大道
成都,5号线,柏水场
重庆,6号线支线(国博线),红岩坪
成都,5号线,廖家湾
南京,S8号线(宁天线),毛纺厂路
苏州,11号线,丰和路
北京,7号线,高楼金
武汉,6号线,五环体育中心
南京,S8号线(宁天线),泰山新村
深圳,5号线/环中线,黄贝岭
苏州,11号线,双马街
南京,S8号线(宁天线),泰冯路
广州,7号线,石壁
苏州,11号线,葑亭大道
西安,6号线,桥梓口
郑州,城郊线,小乔
西安,6号线,安定门
天津,9号线,军粮城
上海,6号线,洲海路
郑州,城郊线,华南城西
,3(ʯ-),Сɽ
苏州,11号线,戈巷街
重庆,6号线支线(国博线),复兴
郑州,城郊线,华南城
成都,5号线,北部商贸城
苏州,11号线,唯亭
北京,7号线,群芳
武汉,6号线,二雅路
成都,5号线,幸福桥
苏州,11号线,草鞋山
深圳,6号线/光明线,松岗
南京,S8号线(宁天线),高新开发区
成都,5号线,九道堰
广州,7号线,广州南站
武汉,6号线,海口三路
广州,7号线,大洲
深圳,6号线/光明线,溪头
天津,9号线,小东庄
上海,6号线,外高桥保税区南
西安,6号线,大唐西市
广州,7号线,陈村北
苏州,11号线,阳澄湖东
,3(ʯ-),ʯ
重庆,6号线支线(国博线),思源
苏州,11号线,正仪
郑州,城郊线,华南城东
杭州,4号线,浦沿
北京,7号线,万盛东
郑州,城郊线,孟庄
苏州,11号线,莲湖公园
郑州,城郊线,港区北
苏州,11号线,祖冲之公园
深圳,6号线/光明线,松岗公园
成都,5号线,杜家碾
,信息工程大学
北京,7号线,万盛西
杭州,4号线,杨家墩
武汉,6号线,金银湖公园
北京,7号线,黑庄户
西安,6号线,西北工业大学
上海,6号线,航津路
天津,9号线,东丽开发区
广州,7号线,陈村
北京,7号线,郎辛庄
天津,9号线,新立
重庆,6号线支线(国博线),刘家院子
北京,7号线,黄厂
苏州,11号线,昆山文化艺术中心
杭州,4号线,联庄
苏州,11号线,共青
杭州,4号线,水澄桥
成都,5号线,大丰
郑州,城郊线,康平湖
南京,S8号线(宁天线),卸甲甸
深圳,6号线/光明线,薯田埔
天津,9号线,张贵庄
武汉,6号线,金银湖
郑州,城郊线,兰河公园
苏州,11号线,江浦
西安,6号线,科技路
税区北
广州,7号线,锦龙
湖
苏州,11号线,白马泾
重庆,6号线支线(国博线),清溪河
杭州,4号线,复兴路
北京,7号线,焦化厂
苏州,11号线,玉山广场
北京,7号线,双合
苏州,11号线,绣衣
深圳,6号线/光明线,合水口
北京,7号线,垡头
成都,5号线,石犀公园
苏州,11号线,昆山城市广场
武汉,6号线,园博园北
天津,9号线,二号桥
北京,7号线,欢乐谷景区
上海,6号线,港城路
天津,9号线,一号桥
西安,6号线,甘家寨
广州,7号线,南涌
北京,7号线,南楼梓庄
郑州,城郊线,综合保税区
重庆,6号线支线(国博线),王家庄
上海,7号线,花木路
广州,7号线,美的
杭州,4号线,南星桥
南京,S8号线(宁天线),葛塘
重庆,6号线支线(国博线),悦来
杭州,4号线,甬江路
上海,7号线,龙阳路
深圳,6号线/光明线,公明广场
武汉,6号线,轻工大学


天津,9号线,中山门
广州,7号线,北滘公园
西安,6号线,木塔寺
成都,5号线,皇花园
西安,6号线,省体育馆
成都,5号线,陆家桥
西安,6号线,丈八一路
郑州,城郊线,新郑机场
南京,S8号线(宁天线),化工园
北京,7号线,化工
深圳,6号线/光明线,红花山
广州,7号线,美的大道

合开发区
郑州,城郊线,机场东
深圳,6号线/光明线,楼村
成都,5号线,泉水路
天津,9号线,东兴路
重庆,6号线支线(国博线),国博中心
杭州,4号线,近江
武汉,6号线,常青花园
成都,5号线,洞子口
天津,9号线,直沽
广州,8号线,滘心
天津,9号线,十一经路
西安,6号线,丈八四路
成都,5号线,福宁路
天津,9号线,大王庄
深圳,6号线/光明线,科学公园
苏州,11号线,鱼池泾
南京,S8号线(宁天线),龙池
郑州,城郊线,港区会展
西安,6号线,丈八六路
广州,8号线,亭岗
重庆,6号线支线(国博线),高义口
北京,7号线,百子湾
郑州,城郊线,郑州航空港站
西安,6号线,造字台
深圳,6号线/光明线,光明
南京,S8号线(宁天线),雄州
天津,9号线,天津站
郑州,郑许线,长安路北
上海,7号线,锦绣路
成都,5号线,五块石
杭州,4号线,城星路
苏州,11号线,白河潭
广州,8号线,石井
武汉,6号线,杨汊湖
重庆,6号线支线(国博线),黄茅坪
杭州,4号线,市民郑州,郑许线,港区北
明大街


上海,7号线,杨高南路
成都,5号线,赛云台
北京,7号线,九龙山
深圳,6号线/光明线,凤凰城
南京,S8号线(宁天线),方州广场
西安,6号线,郭杜西
郑州,郑许线,文体中心
天津,10号线,崂山道
广州,8号线,石潭
苏州,11号线,夏驾河公园
武汉,6号线,唐家墩
广州,8号线,聚龙
南京,S8号线(宁天线),沈桥
天津,10号线,香山道
郑州,郑许线,枣园
南京,S8号线(宁天线),八百桥
武汉,6号线,三眼桥
深圳,6号线/光明线,长圳
南京,S8号线(宁天线),金牛湖
上海,7号线,高科西路
武汉,6号线,香港路
南京,S9号线(宁高线),翔宇路南
广州,8号线,上步
苏州,11号线,盛庄
杭州,4号线,江锦路
郑州,郑许线,翱翔路
西安,6号线,仁村
重庆,6号线支线(国博线),礼嘉
深圳,6号线/光明线,上屋
北京,7号线,双井
成都,5号线,北站西二路
南京,S9号线(宁高线),铜山
郑州,郑许线,长安路南
天津,10号线,万山道
苏州,11号线,章基路南
成都,5号线,西北桥
武汉,6号线,苗栗路
广州,8号线,同德
成都,5号线,花牌坊
上海,7号线,云台路
郑州,郑许线,新郑机场(郑许线)
广州,8号线,鹅掌坦
苏州,11号线,夏桥
苏州,11号线,神童泾
上海,7号线,耀华路
深圳,6号线/光明线,官田
郑州,郑许线,遵大路
北京,7号线,广渠门外
重庆,9号线,高滩岩
西安,6号线,西安国际医学中心
杭州,4号线,钱江路
苏州,11号线,菉葭
天津,10号线,沙柳南路
武汉,6号线,大智路
南京,S9号线(宁高线),石湫
郑州,郑许线,苑陵故城西
广州,8号线,西村
天津,10号线,方山道
成都,5号线,抚琴
广州,8号线,彩虹桥
成都,5号线,中医大省医院
广州,8号线,陈家祠
杭州,4号线,景芳
上海,7号线,长清路
郑州,郑许线,洵美路
苏州,11号线,花桥博览中心
上海,7号线,后滩
深圳,6号线/光明线,阳台山东
南京,S9号线(宁高线),明觉
杭州,4号线,新塘
武汉,6号线,江汉路
北京,7号线,广渠门内
重庆,9号线,天梨路
园
西安,9号线,纺织城
成都,5号线,青羊宫
上海,7号线,龙华中路
南京,S9号线(宁高线),团结圩
深圳,6号线/光明线,元芬
上海,7号线,东安路
杭州,4号线,新风
上海,7号线,肇嘉浜路
上海,7号线,常熟路
苏州,11号线,集善
西安,9号线,香王
上海,7号线,静安寺
上海,7号线,昌平路
深圳,6号线/光明线,上芬
郑州,郑许线,龙王
北京,7号线,磁器口
天津,10号线,龙涵道
成都,5号线,省骨科医院
苏州,11号线,花溪公园
西安,9号线,灞柳二路
重庆,9号线,沙坪坝
,高淳
广州,8号线,文化公园
杭州,4号线,火车东站
成都,5号线,高升桥
郑州,郑许线,龙王南
成都,5号线,科园
杭州,4号线,彭埠
天津,10号线,环宇道
山
重庆,9号线,小龙坎
广州,8号线,同福西
苏州,11号线,花桥
郑州,郑许线,双鹤湖北
成都,5号线,九兴大道
北京,7号线,桥湾


上海,7号线,长寿路
西安,9号线,洪庆
天津,10号线,柳林路
重庆,9号线,土湾
杭州,4号线,黎明
南京,10号线,小行
深圳,6号线/光明线,深圳北站
广州,8号线,凤凰新村
郑州,郑许线,双鹤湖
北京,7号线,珠市口
成都,5号线,神仙树
上海,7号线,镇坪路
武汉,6号线,武胜路
广州,8号线,沙园
武汉,6号线,琴台
重庆,9号线,红岩村
郑州,郑许线,双鹤湖南
重庆,9号线,富华路
武汉,6号线,钟家村
广州,8号线,宝岗大道
深圳,6号线/光明线,梅林关
广州,8号线,昌岗
深圳,6号线/光明线,翰岭
南京,10号线,中胜
北京,7号线,虎坊桥
成都,5号线,石羊立交
上海,7号线,岚皋路
西安,9号线,紫霞三路
天津,10号线,财经大学
杭州,4号线,笕桥老街
广州,8号线,晓港
杭州,4号线,华中南路
广州,8号线,中大
南京,10号线,元通
郑州,郑许线,八千
南京,10号线,奥体中心
重庆,9号线,化龙桥
郑州,郑许线,双庙李
武汉,6号线,马鹦路
南京,10号线,梦都大街
武汉,6号线,建港
广州,8号线,鹭江
南京,10号线,绿博园
深圳,6号线/光明线,银湖
重庆,9号线,李家坪
上海,7号线,新村路
重庆,9号线,蚂蝗梁
西安,9号线,凤凰池
天津,10号线,微山路
郑州,郑许线,大周
天津,10号线,玛钢厂
杭州,4号线,新天地街
郑州,郑许线,颍川路
深圳,6号线/光明线,八卦岭
郑州,郑许线,葛天源
杭州,4号线,皋亭坝
郑州,郑许线,永和路
南京,10号线,江心洲
广州,8号线,客村
成都,5号线,交子大道
深圳,6号线/光明线,体育中心
上海,7号线,大华三路
武汉,6号线,前进村
北京,7号线,广安门内
广州,8号线,赤岗
重庆,9号线,观音桥
深圳,6号线/光明线,通新岭
郑州,郑许线,农大路
杭州,4号线,桃源街
上海,7号线,行知路
成都,5号线,锦城大道
天津,10号线,春海路
武汉,6号线,国博中心北
南京,10号线,临江·青奥体育公园
西安,9号线,鹦鹉寺公园
重庆,9号线,鲤鱼池
北京,7号线,达官营
广州,8号线,新港东
北京,7号线,湾子
广州,8号线,琶洲
重庆,9号线,刘家台
广州,8号线,万胜围
重庆,9号线,江北城
上海,7号线,大场镇
武汉,6号线,国博中心南
广州,9号线,高增
郑州,郑许线,体育中心
南京,10号线,浦口万汇城
深圳,6号线/光明线,科学馆
西安,9号线,芷阳广场
天津,10号线,南珠桥
杭州,4号线,吴家角港
广州,9号线,清塘
西安,9号线,西工程大·西科大(临潼校区)
北京,7号线,北京西站
重庆,9号线,五里店
上海,7号线,场中路
深圳,6号线支线,光明
广州,9号线,清布
成都,5号线,大源
南京,10号线,南京工业大学
武汉,6号线,老关村
深圳,6号线支线,圳美
南京,10号线,龙华路
郑州,郑许线,电气谷
天津,10号线,友谊南路
杭州,4号线,独城生态公园
深圳,6号线支线,中大
西安,9号线,西花园
北京,8号线,瀛海
杭州,4号线,平安桥
广州,9号线,莲塘
重庆,9号线,溉澜溪
北京,8号线,德茂
上海,7号线,上大路
重庆,9号线,头塘
北京,8号线,五福堂
重庆,9号线,保税港
成都,5号线,民乐
广州,9号线,马鞍山公园
武汉,6号线,江城大道
重庆,9号线,何家梁
广州,9号线,花都广场
郑州,郑许线,芙蓉湖
天津,10号线,江湾二支路
南京,10号线,文德路
上海,7号线,南陈路
深圳,6号线支线,深理工
天津,10号线,丽江道
西安,9号线,华清池
杭州,4号线,储运路
郑州,郑许线,鹿鸣湖
西安,9号线,东三岔
郑州,郑许线,许昌东站
西安,9号线,银桥大道
深圳,7号线/西丽线,西丽湖
广州,9号线,花果山公园
南京,10号线,雨山路
成都,5号线,骑龙
上海,7号线,上海大学
北京,8号线,火箭万源
重庆,9号线,石盘河
天津,10号线,昌凌路
武汉,6号线,车城东路
广州,9号线,花城路
武汉,6号线,东风公司
广州,9号线,广州北站
深圳,7号线/西丽线,西丽
天津,10号线,瑶环路
深圳,7号线/西丽线,茶光
天津,10号线,于台
杭州,4号线,杭行路
广州,9号线,花都汽车城
深圳,7号线/西丽线,珠光
广州,9号线,飞鹅岭
成都,5号线,警官学院
上海,7号线,祁华路
北京,8号线,东高地
重庆,9号线,上湾路
广州,13号线,鱼珠
深圳,7号线/西丽线,龙井
深圳,7号线/西丽线,桃源村
武汉,7号线,横店
广州,13号线,裕丰围
广州,13号线,双岗
深圳,7号线/西丽线,深云
重庆,9号线,青岗坪
上海,7号线,顾村公园
天津,11号线,东江道
杭州,4号线,好运街
深圳,7号线/西丽线,安托山
广州,13号线,南海神庙
武汉,7号线,裕福路
西安,14号线,贺韶
重庆,9号线,宝圣湖
北京,8号线,和义
上海,7号线,刘行
成都,5号线,二江寺
深圳,7号线/西丽线,农林
成都,5号线,南湖立交
深圳,7号线/西丽线,车公庙
广州,13号线,夏园
深圳,7号线/西丽线,上沙
广州,13号线,南岗
深圳,7号线/西丽线,沙尾
上海,7号线,潘广路
天津,11号线,学苑北路
杭州,4号线,金家渡
深圳,7号线/西丽线,石厦
杭州,4号线,池华街
重庆,9号线,兴科大道
西安,14号线,港务大道
北京,8号线,大红门南
武汉,7号线,天阳大道
广州,13号线,沙村
广州,13号线,白江
深圳,7号线/西丽线,皇岗村
成都,5号线,怡心湖
广州,13号线,新塘
深圳,7号线/西丽线,福民
天津,11号线,海河东路
广州,13号线,官湖
杭州,5号线,金星
重庆,9号线,春华大道
北京,8号线,海户屯
上海,7号线,罗南新村
成都,5号线,龙马路
西安,14号线,新寺
杭州,5号线,绿汀路
天津,11号线,环宇道
深圳,7号线/西丽线,皇岗口岸
北京,8号线,木樨园
西安,14号线,双寨
广州,13号线,新沙
武汉,7号线,巨龙大道
上海,7号线,美兰湖
成都,5号线,回龙
重庆,9号线,兰桂大道
北京,8号线,永定门外
重庆,9号线,中央公园东
深圳,7号线/西丽线,赤尾
重庆,9号线,丛岩寺
广州,14号线,嘉禾望岗
武汉,7号线,汤云海路
重庆,9号线,花石沟
广州,14号线,白云东平
深圳,7号线/西丽线,华强南
上海,8号线,沈杜公路
重庆,10号线,兰花路
重庆,10号线,南湖
北京,8号线,天桥
成都,6号线,望丛祠
上海,8号线,联航路
武汉,7号线,马池
西安,14号线,奥体中心
深圳,7号线/西丽线,华强北
杭州,5号线,绿汀路
天津,11号线,雪莲南路
西安,14号线,北辰
重庆,10号线,万寿路
天津,11号线,招远路
广州,14号线,夏良
天津,11号线,东丽文体中心
天津,11号线,驯海路
西安,14号线,西安工大·武德路
杭州,5号线,葛巷
天津,11号线,东丽一经路
杭州,5号线,创景路
广州,14号线,太和
深圳,7号线/西丽线,华新
天津,11号线,东丽三经路
武汉,7号线,园博园北
成都,6号线,和平街
上海,8号线,江月路
深圳,7号线/西丽线,黄木岗
广州,14号线,竹料
深圳,7号线/西丽线,八卦岭
成都,6号线,郫筒
广州,14号线,钟落潭
重庆,10号线,后堡
天津,11号线,东丽六经路
广州,14号线,马沥
深圳,7号线/西丽线,红岭北
西安,14号线,文景山公园
武汉,7号线,园博园
西安,14号线,西安北站
武汉,7号线,常码头
深圳,7号线/西丽线,笋岗
杭州,5号线,良睦路
广州,14号线,新和
北京,8号线,前门
杭州,5号线,杭师大仓前
广州,14号线,太平
成都,6号线,蜀新大道
上海,8号线,浦江镇
重庆,10号线,七星岗
广州,14号线,神岗
深圳,7号线/西丽线,洪湖
深圳,7号线/西丽线,田贝
深圳,7号线/西丽线,太安
上海,8号线,芦恒路
成都,6号线,檬梓
广州,14号线,赤草
武汉,7号线,武汉商务区
杭州,5号线,永福
北京,8号线,王府井
重庆,10号线,大礼堂
武汉,7号线,王家墩东
成都,6号线,尚锦路
西安,14号线,秦宫
杭州,5号线,五常
广州,14号线,从化客运站
杭州,5号线,蒋村
北京,8号线,金鱼胡同
重庆,10号线,曾家岩
武汉,7号线,取水楼
西安,14号线,秦汉新城
上海,8号线,凌兆新村
成都,6号线,红高路
西安,14号线,长陵
成都,6号线,天宇路
武汉,7号线,香港路
北京,8号线,中国美术馆
成都,6号线,犀浦
重庆,10号线,鲤鱼池
深圳,9号线/梅林线,前湾
深圳,9号线/梅林线,梦海
广州,14号线,东风
重庆,10号线,红土地
深圳,9号线/梅林线,怡海
西安,14号线,摆旗寨
城线),新和
上海,8号线,东方体育中心
北京,8号线,南锣鼓巷
杭州,5号线,浙大紫金港
武汉,7号线,三阳路
西安,14号线,艺术中心
上海,8号线,杨思
深圳,9号线/梅林线,南油西
上海,8号线,成山路
成都,6号线,兴业北街
杭州,5号线,三坝
上海,8号线,耀华路
广州,14号线支线(知识城线),红卫
重庆,10号线,龙头寺公园
西安,14号线,空港新城
重庆,10号线,重庆北站南广场
北京,8号线,什刹海
广州,14号线支线(知识城线),新南
武汉,7号线,徐家棚
深圳,9号线/梅林线,南油
广州,14号线支线(知识城线),枫下
深圳,9号线/梅林线,南山书城
武汉,7号线,湖北大学
深圳,9号线/梅林线,深大南
成都,6号线,梓潼宫
杭州,5号线,萍水街
广州,14号线支线(知识城线),知识城
上海,8号线,中华艺术宫
成都,6号线,侯家桥
西安,14号线,机场西(T1/T2/T3)
上海,8号线,西藏南路
广州,14号线支线(知识城线),何棠下
重庆,10号线,重庆北站北广场
北京,8号线,鼓楼大街
上海,8号线,陆家浜路
北京,8号线,安德里北街
深圳,9号线/梅林线,粤海门
重庆,10号线,民心佳园
杭州,5号线,和睦
广州,14号线支线(知识城线),旺村
武汉,7号线,新河街
深圳,9号线/梅林线,高新南
成都,6号线,兴盛
深圳,9号线/梅林线,红树湾南
广州,14号线支线(知识城线),汤村
武汉,7号线,螃蟹岬
西安,16号线,秦创原中心
广州,14号线支线(知识城线),镇龙北
广州,14号线支线(知识城线),镇龙
成都,6号线,青杠
北京,8号线,安华桥
深圳,9号线/梅林线,深湾
西安,16号线,西咸大厦
上海,8号线,老西门
重庆,10号线,三亚湾
杭州,5号线,大运河
成都,6号线,西华大道
深圳,9号线/梅林线,深圳湾公园
上海,8号线,大世界
重庆,10号线,上湾路
武汉,7号线,小东门
杭州,5号线,拱宸桥东
广州,18号线,冼村
北京,8号线,北土城
西安,16号线,上林路
深圳,9号线/梅林线,下沙
西安,16号线,复兴大道北
深圳,9号线/梅林线,车公庙
广州,18号线,磨碟沙
深圳,9号线/梅林线,香梅
武汉,7号线,武昌火车站
深圳,9号线/梅林线,景田
武汉,7号线,瑞安街
广州,18号线,龙潭
深圳,9号线/梅林线,梅景
上海,8号线,人民广场
重庆,10号线,环山公园
北京,8号线,奥体中心
杭州,5号线,善贤
成都,6号线,金府
广州,18号线,沙溪
广州,18号线,南村万博
深圳,9号线/梅林线,下梅林
西安,16号线,西安国际足球中心
深圳,9号线/梅林线,梅村
广州,18号线,番禺广场
成都,6号线,星河
深圳,9号线/梅林线,上梅林
广州,18号线,横沥
西安,16号线,细柳营
广州,18号线,万顷沙
深圳,9号线/梅林线,孖岭
广州,21号线,员村
北京,8号线,奥林匹克公园
成都,6号线,西南交大
重庆,10号线,长河
深圳,9号线/梅林线,银湖
上海,8号线,曲阜路
杭州,5号线,西文街
武汉,7号线,建安街
西安,16号线,沣东城市广场
广州,21号线,天河公园
武汉,7号线,湖工大
北京,8号线,森林公园南门
深圳,9号线/梅林线,泥岗
深圳,9号线/梅林线,红岭北
广州,21号线,棠东
北京,8号线,林萃桥
广州,21号线,黄村
广州,21号线,大观南路
深圳,9号线/梅林线,园岭
北京,8号线,永泰庄
武汉,7号线,板桥
北京,8号线,西小口
深圳,9号线/梅林线,红岭
北京,8号线,育新
西安,16号线,欢乐谷
杭州,5号线,东新园
成都,6号线,沙湾
上海,8号线,中兴路
重庆,10号线,江北机场T3航站楼
广州,21号线,天河智慧城
广州,21号线,神舟路
深圳,9号线/梅林线,红岭南
深圳,9号线/梅林线,鹿丹村
广州,21号线,科学城
成都,6号线,西北桥
杭州,5号线,杭氧
西安,16号线,诗经里
上海,8号线,西藏北路
重庆,10号线,江北机场T2航站楼
北京,8号线,霍营
武汉,7号线,野芷湖
广州,21号线,苏元
北京,8号线,回龙观东大街
成都,6号线,人民北路
杭州,5号线,打铁关
深圳,9号线/梅林线,人民南
重庆,10号线,渝北广场

武汉,7号线,新路村
广州,21号线,水西
深圳,9号线/梅林线,向西村
广州,21号线,长平
上海,8号线,曲阳路
杭州,5号线,宝善桥
北京,8号线,平西府
成都,6号线,梁家巷
武汉,7号线,大花岭
重庆,10号线,鹿山
深圳,9号线/梅林线,文锦
深圳,10号线/坂田线,双拥街
重庆,10号线,中央公园东
上海,8号线,四平路
深圳,10号线/坂田线,平湖
广州,21号线,金坑
重庆,10号线,中央公园
上海,8号线,鞍山新村
深圳,10号线/坂田线,禾花
广州,21号线,镇龙西
深圳,10号线/坂田线,华南城
杭州,5号线,建国北路
武汉,7号线,江夏客厅
北京,8号线,育知路
成都,6号线,前锋路
广州,21号线,镇龙
深圳,10号线/坂田线,木古
广州,21号线,中新
上海,8号线,江浦路
广州,21号线,坑贝
深圳,10号线/坂田线,上李朗
广州,21号线,凤岗
重庆,10号线,中央公园西
北京,8号线,朱辛庄
深圳,10号线/坂田线,凉帽山
广州,21号线,朱村
重庆,10号线,悦来
武汉,7号线,谭鑫培公园
成都,6号线,建设北路
杭州,5号线,万安桥
深圳,10号线/坂田线,甘坑
广州,21号线,山田
上海,8号线,黄兴路
广州,21号线,钟岗
深圳,10号线/坂田线,雪象
广州,21号线,增城广场
深圳,10号线/坂田线,岗头
广州,22号线,陈头岗
北京,9号线,郭公庄
深圳,10号线/坂田线,华为
广州,22号线,广州南站
杭州,5号线,城站
成都,6号线,新鸿路
重庆,10号线,王家庄
武汉,7号线,北华街
广州,22号线,市广路
深圳,10号线/坂田线,贝尔路
广州,22号线,番禺广场
上海,8号线,延吉中路
深圳,10号线/坂田线,坂田北
上海,8号线,黄兴公园
广州,APM线,广州塔
深圳,10号线/坂田线,五和
广州,APM线,海心沙
上海,8号线,翔殷路
光雅园
北京,9号线,丰台科技园
北京,9号线,科怡路
杭州,5号线,江城路
武汉,7号线,纸坊大街
重庆,18号线,跳磴南
成都,6号线,玉双路
广州,APM线,大剧院
深圳,10号线/坂田线,南坑
广州,APM线,花城大道
深圳,10号线/坂田线,雅宝
广州,APM线,妇儿中心
深圳,10号线/坂田线,孖岭
武汉,7号线,青龙山地铁小镇
上海,8号线,嫩江路
深圳,10号线/坂田线,冬瓜岭
深圳,10号线/坂田线,莲花村
杭州,5号线,候潮门
北京,9号线,丰台南路
重庆,18号线,跳磴
深圳,10号线/坂田线,岗厦北
成都,6号线,牛王庙
深圳,10号线/坂田线,岗厦
深圳,10号线/坂田线,福民
深圳,10号线/坂田线,福田口岸
成都,6号线,顺江路
杭州,5号线,南星桥
广州,APM线,黄埔大道
深圳,11号线/机场线,碧头
广州,APM线,天河南
重庆,18号线,金鳌山
广州,APM线,体育中心南
深圳,11号线/机场线,松岗
杭州,5号线,长河
上海,8号线,市光路
武汉,8号线,金潭路
成都,6号线,三官堂
深圳,11号线/机场线,后亭
北京,9号线,丰台东大街
广州,APM线,林和西
深圳,11号线/机场线,沙井
深圳,11号线/机场线,马安山
广州,广佛线,沥滘
北京,9号线,七里庄
重庆,18号线,伏牛溪
深圳,11号线/机场线,塘尾
广州,广佛线,南洲
成都,6号线,东光
杭州,5号线,聚才路
上海,9号线,曹路
广州,广佛线,石溪
深圳,11号线/机场线,桥头
武汉,8号线,宏图大道
深圳,11号线/机场线,福永
重庆,18号线,白居寺
广州,广佛线,燕岗
北京,9号线,六里桥
上海,9号线,民雷路
杭州,5号线,江晖路
深圳,11号线/机场线,机场北
广州,广佛线,沙园
杭州,5号线,滨康路

重庆,18号线,茄子溪
上海,9号线,顾唐路
成都,6号线,琉三路
广州,广佛线,沙涌
深圳,11号线/机场线,机场
武汉,8号线,中一路
武汉,8号线,竹叶山
上海,9号线,金海路
重庆,18号线,巴滨路湿地公园
杭州,5号线,博奥路
成都,6号线,金石路
北京,9号线,北京西站
深圳,11号线/机场线,碧海湾
广州,广佛线,鹤洞
深圳,11号线/机场线,宝安
广州,广佛线,西塱
深圳,11号线/机场线,前海湾
广州,广佛线,菊树
上海,9号线,金吉路
广州,广佛线,龙溪
深圳,11号线/机场线,南山
武汉,8号线,赵家条
广州,广佛线,金融高新区
上海,9号线,金桥
深圳,11号线/机场线,后海
广州,广佛线,千灯湖
广州,广佛线,礌岗
深圳,11号线/机场线,红树湾南
上海,9号线,台儿庄路
北京,9号线,军事博物馆
成都,6号线,金融城东
武汉,8号线,黄浦路
重庆,18号线,花溪工业园
杭州,5号线,金鸡路
上海,9号线,蓝天路
北京,9号线,白堆子
深圳,11号线/机场线,车公庙
深圳,11号线/机场线,福田
武汉,8号线,徐家棚
广州,广佛线,南桂路
深圳,11号线/机场线,岗厦北
成都,6号线,中和
重庆,18号线,重庆理工大学
深圳,12号线/南宝线,海上田园东
广州,广佛线,桂城
广州,广佛线,朝安
深圳,12号线/南宝线,海上田园南
北京,9号线,白石桥南
广州,广佛线,普君北路
上海,9号线,芳甸路
重庆,18号线,李家沱大桥
杭州,5号线,人民广场
武汉,8号线,徐东
北京,9号线,国家图书馆
广州,广佛线,祖庙
北京,10号线,巴沟
武汉,8号线,汪家墩
北京,10号线,苏州街
广州,广佛线,同济路
深圳,12号线/南宝线,国展北
广州,广佛线,季华园
深圳,12号线/南宝线,国展
北京,10号线,海淀黄庄
武汉,8号线,岳家嘴
杭州,5号线,育才北路
上海,9号线,杨高中路
重庆,18号线,电厂
广州,广佛线,魁奇路
深圳,12号线/南宝线,福海西
上海,9号线,世纪大道
成都,6号线,观东
上海,9号线,商城路
成都,6号线,新通大道
上海,9号线,小南门
成都,6号线,新川路
上海,9号线,陆家浜路
广州,广佛线,澜石
武汉,8号线,梨园
北京,10号线,知春里
重庆,18号线,四川美术学院
杭州,5号线,通惠中路
重庆,18号线,黄桷坪
深圳,12号线/南宝线,桥头西
武汉,8号线,省博湖北日报
深圳,12号线/南宝线,福永
武汉,8号线,中南医院
深圳,12号线/南宝线,怀德
广州,广佛线,世纪莲
成都,6号线,龙灯山
上海,9号线,马当路
深圳,12号线/南宝线,福围
北京,10号线,知春路
上海,9号线,打浦桥
杭州,5号线,火车南站
深圳,12号线/南宝线,机场东
重庆,18号线,滩子口
广州,广佛线,东平
重庆,18号线,杨家坪
深圳,12号线/南宝线,兴围
广州,广佛线,新城东
武汉,8号线,水果湖
杭州,5号线,双桥
深圳,12号线/南宝线,黄田
成都,6号线,蒲草塘
杭州,5号线,姑娘桥
成都,6号线,万安
北京,10号线,西土城
上海,9号线,嘉善路
深圳,12号线/南宝线,钟屋南
,6(·-۽Ū),۽Ū
成都,6号线,麓山大道
重庆,18号线,石坪桥
深圳,12号线/南宝线,西乡桃源
北京,10号线,牡丹园
武汉,8号线,洪山路
上海,9号线,肇嘉浜路
北京,10号线,健德门
上海,9号线,徐家汇
北京,10号线,北土城
上海,9号线,宜山路
北京,10号线,安贞门
上海,9号线,桂林路
北京,10号线,惠新西街南口
深圳,12号线/南宝线,平峦山
深圳,12号线/南宝线,宝田一路
,6(·-۽Ū),𳵶վ(㳡)
上海,9号线,漕河泾开发区
重庆,18号线,奥体中心
武汉,8号线,小洪山
成都,6号线,沈阳路
深圳,12号线/南宝线,宝安客运站
北京,10号线,芍药居
深圳,12号线/南宝线,流塘
深圳,12号线/南宝线,上川
深圳,12号线/南宝线,灵芝
深圳,12号线/南宝线,新安公园
成都,6号线,青岛路
深圳,12号线/南宝线,同乐南
,6(·-۽Ū),Ԫ
北京,10号线,太阳宫
重庆,18号线,富华路
成都,6号线,昌公堰
上海,9号线,合川路
北京,10号线,三元桥
武汉,8号线,街道口
上海,9号线,星中路
深圳,12号线/南宝线,中山公园
深圳,12号线/南宝线,南头古城
上海,9号线,七宝
武汉,8号线,马房山

成都,6号线,杭州路
深圳,12号线/南宝线,桃园
成都,6号线,天府商务区
深圳,12号线/南宝线,南山
重庆,环线,重庆图书馆
武汉,8号线,文治街
重庆,环线,天星桥
深圳,12号线/南宝线,南光
武汉,8号线,文昌路
北京,10号线,农业展览馆
,6(·-۽Ū),꼻·
上海,9号线,中春路
深圳,12号线/南宝线,南油
上海,9号线,九亭
,6(·-۽Ū),
重庆,环线,沙坪坝
成都,6号线,西博城
武汉,8号线,省农科院
重庆,环线,重庆大学
武汉,8号线,马湖
重庆,环线,玉带山
深圳,12号线/南宝线,四海
深圳,12号线/南宝线,花果山
重庆,环线,南桥寺
北京,10号线,团结湖
重庆,环线,体育公园
北京,10号线,呼家楼
深圳,12号线/南宝线,海上世界
,6(·-۽Ū),˴
上海,9号线,泗泾
北京,10号线,金台夕照
成都,6号线,秦皇寺
深圳,12号线/南宝线,太子湾
重庆,环线,冉家坝
武汉,8号线,野芷湖
成都,6号线,松林
深圳,12号线/南宝线,左炮台东
深圳,14号线/东部快线,岗厦北
重庆,环线,动步公园
武汉,8号线,黄家湖地铁小镇
上海,9号线,佘山
,6(·-۽Ū),ᱱ
北京,10号线,国贸
成都,6号线,芦角
重庆,环线,洪湖东路
深圳,14号线/东部快线,黄木岗
深圳,14号线/东部快线,罗湖北
,6(·-۽Ū),Ǯͳ
重庆,环线,民安大道
北京,10号线,双井
上海,9号线,洞泾

成都,6号线,钓鱼嘴
北京,10号线,劲松
深圳,14号线/东部快线,布吉
,6(·-۽Ū),
上海,9号线,松江大学城
重庆,环线,重庆北站南广场
武汉,11号线,武汉东站
深圳,14号线/东部快线,石芽岭
上海,9号线,松江新城
成都,6号线,兰家沟
,6(·-۽Ū),
北京,10号线,潘家园
深圳,14号线/东部快线,六约北
,6(·-۽Ū),
深圳,14号线/东部快线,四联
武汉,11号线,光谷同济医院
,6(·-۽Ū),·
武汉,11号线,光谷生物园
,6(·-۽Ū),·
北京,10号线,十里河
重庆,环线,渝鲁
深圳,14号线/东部快线,坳背
,6(·-۽Ū),
深圳,14号线/东部快线,大运
北京,10号线,分钟寺
上海,9号线,松江体育中心
武汉,11号线,光谷四路
成都,7号线,火车北站
重庆,环线,五里店
深圳,14号线/东部快线,嶂背
成都,7号线,北站西二路
武汉,11号线,光谷五路
重庆,环线,弹子石
上海,9号线,醉白池
北京,10号线,成寿寺
深圳,14号线/东部快线,南约
,6(·-۽Ū),ҵ·
重庆,环线,涂山
深圳,14号线/东部快线,宝龙
重庆,环线,仁济
北京,10号线,宋家庄
深圳,14号线/东部快线,锦龙
重庆,环线,上新街
上海,9号线,松江南站
北京,10号线,石榴庄
武汉,11号线,光谷六路
Ϻ,10(·-¡·),¡·
重庆,环线,上浩
深圳,14号线/东部快线,坪山围
北京,10号线,大红门
,6(·-۽Ū),ҵ·
北京,10号线,角门东
深圳,14号线/东部快线,坪山广场
成都,7号线,九里堤
深圳,14号线/东部快线,坪山中心
深圳,14号线/东部快线,坑梓
深圳,14号线/东部快线,沙田
深圳,16号线/龙坪线,大运
Ϻ,10(·-¡·),۳·
深圳,16号线/龙坪线,大运中心
武汉,11号线,豹澥
成都,7号线,花照壁
深圳,16号线/龙坪线,龙城公园
重庆,环线,海棠溪
北京,10号线,角门西
深圳,16号线/龙坪线,黄阁坑
,6(·-۽Ū),ΰҵ·
北京,10号线,草桥
深圳,16号线/龙坪线,愉园
Ϻ,10(·-¡·),
深圳,16号线/龙坪线,回龙埔
Ϻ,10(·-¡·),
深圳,16号线/龙坪线,尚景
Ϻ,10(·-¡·),˫·
,6(·-۽Ū),ҽҩѧ
武汉,11号线,光谷七路
深圳,16号线/龙坪线,盛平
成都,7号线,茶店子
Ϻ,10(·-¡·),·
重庆,环线,罗家坝
成都,7号线,一品天下
深圳,16号线/龙坪线,龙园
深圳,16号线/龙坪线,双龙
北京,10号线,纪家庙
成都,7号线,金沙博物馆
Ϻ,10(·-¡·),½
深圳,16号线/龙坪线,新塘围
Ϻ,10(·-¡·),߶·
Ϻ,10(·-¡·),·
北京,10号线,首经贸
东
Ϻ,10(·-¡·),
,6(·-۽Ū),·
Ϻ,10(·-¡·),ǳ
成都,7号线,文化宫
武汉,11号线,长岭山
重庆,环线,四公里
深圳,16号线/龙坪线,宝龙同乐
成都,7号线,东坡路
,6(·-۽Ū),֮Ļ
,6(·-۽Ū),·
成都,7号线,龙爪堰
北京,10号线,丰台站
深圳,16号线/龙坪线,坪山
Ϻ,10(·-¡·),Ȩ·
武汉,11号线,未来一路
重庆,环线,南湖
成都,7号线,武侯大道
Ժɽ
深圳,16号线/龙坪线,新和
Ϻ,10(·-¡·),ͬôѧ
重庆,环线,海峡路
深圳,16号线/龙坪线,六和
,6(·-۽Ū),ѧԺ
成都,7号线,太平园
Ϻ,10(·-¡·),ƽ·
北京,10号线,西局
深圳,16号线/龙坪线,坪山围
成都,7号线,高朋大道
北京,10号线,六里桥
深圳,16号线/龙坪线,坪环
深圳,16号线/龙坪线,东纵纪念馆
成都,7号线,神仙树
Ϻ,10(·-¡·),ʵ´
,6(·-۽Ū),д
北京,10号线,莲花桥
武汉,11号线,未来三路
深圳,16号线/龙坪线,沙壆
Ϻ,10(·-¡·),·
武汉,11号线,左岭
重庆,环线,谢家湾
深圳,16号线/龙坪线,燕子湖
深圳,16号线/龙坪线,石井
深圳,16号线/龙坪线,技术大学
深圳,16号线/龙坪线,田心
深圳,20号线,机场北
成都,7号线,火车南站
深圳,20号线,国展南
深圳,20号线,国展
,6(·-۽Ū),Ұ԰
重庆,环线,奥体中心
北京,10号线,公主坟
Ϻ,10(·-¡·),Ĵ·
深圳,20号线,国展北
武汉,11号线,葛店南站
Ϻ,10(·-¡·),·
成都,7号线,三瓦窑
深圳,20号线,会展城
成都,7号线,琉璃场
成都,7号线,四川师大
武汉,16号线,国博中心南
,6(·-۽Ū),
重庆,环线,陈家坪
北京,10号线,西钓鱼台
Ϻ,10(·-¡·),Ͼ·
成都,7号线,狮子山
,6(·-۽Ū),Х
成都,7号线,大观
重庆,环线,彩云湖
Ϻ,10(·-¡·),ԥ԰
武汉,16号线,老关村
北京,10号线,慈寿寺
重庆,环线,二郎
北京,10号线,车道沟
Ϻ,10(·-¡·),
,6(·-۽Ū),ܽ
武汉,16号线,南太子湖
北京,10号线,长春桥
武汉,16号线,沌口
武汉,16号线,小军山
北京,10号线,火器营
,6(·-۽Ū),
重庆,环线,华龙
成都,7号线,成都东客站
北京,11号线,模式口
重庆,环线,重庆西站
成都,7号线,迎晖路
,6(·-۽Ū),
武汉,16号线,枫林
北京,11号线,金安桥
Ϻ,10(·-¡·),һַ
北京,11号线,北辛安
,6(·-۽Ū),
北京,11号线,新首钢
,6(·-۽Ū),
,6(·-۽Ū),·
北京,13号线,西直门
武汉,16号线,大军山
,6(˫-۽Ū),۽Ū
武汉,16号线,桂子湖
,6(˫-۽Ū),𳵶վ(㳡)
武汉,16号线,马影河
,6(˫-۽Ū),Ԫ
重庆,环线,上桥
成都,7号线,槐树店
Ϻ,10(·-¡·),·
武汉,16号线,协子河
成都,7号线,双店路
武汉,16号线,湾湖
Ϻ,10(·-¡·),Ϻͼ
武汉,16号线,周家河
成都,7号线,崔家店
北京,13号线,大钟寺
,6(˫-۽Ū),꼻·
北京,13号线,知春路
Ϻ,10(·-¡·),ͨѧ
北京,13号线,五道口
重庆,环线,凤鸣山
北京,13号线,上地
成都,7号线,理工大学
Ϻ,10(·-¡·),·
Ϻ,10(·-¡·),԰·
成都,7号线,二仙桥
重庆,江跳线,跳磴
武汉,16号线,纱帽
重庆,江跳线,石林寺
,6(˫-۽Ū),
北京,13号线,清河站
,6(˫-۽Ū),˴
,6(˫-۽Ū),ᱱ
Ϻ,10(·-¡·),·
北京,13号线,西二旗
武汉,16号线,通航机场
成都,7号线,八里庄
重庆,江跳线,九龙园
Ϻ,10(·-¡·),ˮ·
,6(˫-۽Ū),Ǯͳ
武汉,19号线,新月溪公园
北京,13号线,龙泽
Ϻ,10(·-¡·),Ϫ·
成都,7号线,府青路
北京,13号线,回龙观
武汉,19号线,光谷五路
北京,13号线,霍营
武汉,19号线,花山河
北京,13号线,立水桥
成都,7号线,驷马桥

北京,13号线,北苑
,6(˫-۽Ū),
Ϻ,10(·-¡·),´
重庆,江跳线,双福
重庆,江跳线,享堂
武汉,19号线,鼓架山
Ϻ,10(·-¡·),·
Ϻ,10(·-¡·),·
武汉,19号线,武东
,6(˫-۽Ū),
重庆,江跳线,江津高铁
Ϻ,10(Żվ-¡·),¡·
,6(˫-۽Ū),
Ϻ,10(Żվ-¡·),۳·
,6(˫-۽Ū),·
成都,8号线,十里店
北京,13号线,望京西
重庆,江跳线,圣泉寺
北京,13号线,芍药居
Ϻ,10(Żվ-¡·),
,6(˫-۽Ū),·
武汉,19号线,武汉站西广场
Ϻ,10(Żվ-¡·),
武汉,21号线(阳逻线),后湖大道
成都,8号线,理工大学
,6(˫-۽Ū),
成都,8号线,东郊记忆
北京,13号线,光熙门
武汉,21号线(阳逻线),百步亭花园路
Ϻ,10(Żվ-¡·),˫·
,6(˫-۽Ū),ҵ·
成都,8号线,杉板桥
武汉,21号线(阳逻线),新荣
北京,13号线,柳芳
Ϻ,10(Żվ-¡·),·
武汉,21号线(阳逻线),幸福湾
,6(˫-۽Ū),ҵ·
武汉,21号线(阳逻线),朱家河
武汉,21号线(阳逻线),谌家矶
北京,13号线,东直门
Ϻ,10(Żվ-¡·),½
北京,14号线,善各庄
武汉,21号线(阳逻线),青龙
Ϻ,10(Żվ-¡·),߶·
Ϻ,10(Żվ-¡·),·
武汉,21号线(阳逻线),高车
北京,14号线,来广营
,6(˫-۽Ū),ҽҩѧ
北京,14号线,东湖渠
,6(˫-۽Ū),·
,6(˫-۽Ū),֮Ļ
北京,14号线,望京
,6(˫-۽Ū),·
Ϻ,10(Żվ-¡·),
成都,8号线,双桥路
北京,14号线,阜通
北京,14号线,望京南
,6(˫-۽Ū),Ժɽ
成都,8号线,东大路
北京,14号线,将台
成都,8号线,净居寺
北京,14号线,东风北桥
Ϻ,10(Żվ-¡·),ǳ
,6(˫-۽Ū),ϼ
成都,8号线,东光
武汉,21号线(阳逻线),武湖
,6(˫-۽Ū),ƺ·
武汉,21号线(阳逻线),沙口
Ϻ,10(Żվ-¡·),Ȩ·
北京,14号线,枣营
成都,8号线,东湖公园
Ϻ,10(Żվ-¡·),ͬôѧ
,6(˫-۽Ū),˫
Ϻ,10(Żվ-¡·),ƽ·
北京,14号线,朝阳公园
武汉,21号线(阳逻线),军民村
成都,8号线,川大望江校区
北京,14号线,金台路
武汉,21号线(阳逻线),武生院
杭州,7号线,江东二路
北京,14号线,大望路
Ϻ,10(Żվ-¡·),ʵ´
武汉,21号线(阳逻线),阳逻
成都,8号线,倪家桥
北京,14号线,九龙山
Ϻ,10(Żվ-¡·),·
Ϻ,10(Żվ-¡·),Ĵ·
武汉,21号线(阳逻线),阳逻开发区
Ϻ,10(Żվ-¡·),·
武汉,21号线(阳逻线),施岗
北京,14号线,平乐园
成都,8号线,芳草街
Ϻ,10(Żվ-¡·),Ͼ·
Ϻ,10(Żվ-¡·),ԥ԰
成都,8号线,永丰
武汉,21号线(阳逻线),金台
Ϻ,10(Żվ-¡·),
成都,8号线,九兴大道
杭州,7号线,青六中路
北京,14号线,北工大西门
成都,8号线,高朋大道
杭州,7号线,塘新线
Ϻ,10(Żվ-¡·),һַ
Ϻ,10(Żվ-¡·),·
北京,14号线,十里河
北京,14号线,方庄
北京,14号线,蒲黄榆
杭州,7号线,义蓬
Ϻ,10(Żվ-¡·),Ϻͼ
成都,8号线,殷家林
成都,8号线,庆安
杭州,7号线,新镇路
杭州,7号线,永盛路
北京,14号线,景泰
杭州,7号线,萧山国际机场
Ϻ,10(Żվ-¡·),ͨѧ
成都,8号线,石羊
杭州,7号线,新港
杭州,7号线,坎山
成都,8号线,三元
北京,14号线,永定门外
杭州,7号线,盈中
北京,14号线,北京南站
Ϻ,10(Żվ-¡·),·
成都,8号线,顺风
杭州,7号线,合欢路
北京,14号线,景风门
Ϻ,10(Żվ-¡·),԰·
成都,8号线,珠江路
杭州,7号线,新街
北京,14号线,西铁营
北京,14号线,菜户营
Ϻ,10(Żվ-¡·),·
,川大江安校区
北京,14号线,丽泽商务区
Ϻ,10(Żվ-¡·),ˮ·
北京,14号线,东管头
杭州,7号线,新兴路
北京,14号线,西局
Ϻ,10(Żվ-¡·),Ϫ·
杭州,7号线,建设三路
北京,14号线,七里庄
成都,8号线,文星
成都,8号线,莲花
Ϻ,10(Żվ-¡·),Ϻ԰
成都,9号线,黄田坝
Ϻ,10(Żվ-¡·),1źվ¥
杭州,7号线,明星路
北京,14号线,大井
成都,9号线,成都西站
北京,14号线,郭庄子
成都,9号线,培风
Ϻ,10(Żվ-¡·),2źվ¥
杭州,7号线,兴议
Ϻ,10(Żվ-¡·),Żվ
Ϻ,11(ζ-ʿ),ζ
北京,14号线,大瓦窑
成都,9号线,机投桥
成都,9号线,武青南路

杭州,7号线,奥体中心
北京,14号线,园博园
北京,14号线,张郭庄
Ϻ,11(ζ-ʿ),·
杭州,7号线,市民中心
成都,9号线,簇桥
杭州,7号线,观音塘
成都,9号线,华兴
杭州,7号线,莫邪塘
成都,9号线,太平寺
北京,15号线,俸伯
Ϻ,11(ζ-ʿ),ζ³
北京,15号线,顺义
成都,9号线,三元
成都,9号线,锦城大道
成都,9号线,孵化园
成都,9号线,心岛
成都,9号线,金融城东
杭州,7号线,江城路
北京,15号线,石门
Ϻ,11(ζ-ʿ),½
成都,10号线,太平园
北京,15号线,南法信
成都,10号线,簇锦
杭州,7号线,吴山广场
Ϻ,11(ζ-ʿ),蹫·
杭州,8号线,文海南路
Ϻ,11(ζ-ʿ),
Ϻ,11(ζ-ʿ),´
北京,15号线,后沙峪
Ϻ,11(ζ-ʿ),·
杭州,8号线,工商大学云滨
成都,10号线,华兴
Ϻ,11(ζ-ʿ),ɽ·
Ϻ,11(ζ-ʿ),԰
成都,10号线,金花
北京,15号线,国展
杭州,8号线,桥头堡
北京,15号线,孙河
杭州,8号线,河庄路
杭州,8号线,青西三路
Ϻ,11(ζ-ʿ),Ϻվ
Ϻ,11(ζ-ʿ),
杭州,8号线,青六中路
杭州,8号线,仓北村
成都,10号线,双流机场1航站楼
Ϻ,11(ζ-ʿ),·
Ϻ,11(ζ-ʿ),·
成都,10号线,双流机场2航站楼
成都,10号线,双流西站
Ϻ,11(ζ-ʿ),¡·
北京,15号线,马泉营
杭州,8号线,冯娄村
杭州,8号线,新湾路
北京,15号线,崔各庄
成都,10号线,应天寺
成都,10号线,黄水
杭州,9号线,龙安
Ϻ,11(ζ-ʿ),·
北京,15号线,望京东
Ϻ,11(ζ-ʿ),ͨѧ
Ϻ,11(ζ-ʿ),һ
北京,15号线,望京
杭州,9号线,五洲路
北京,15号线,望京西
成都,10号线,花源
北京,15号线,关庄
成都,10号线,新津站
北京,15号线,大屯路东
杭州,9号线,荷禹路
Ϻ,11(ζ-ʿ),ϺӾ
杭州,9号线,邱山大街
北京,15号线,安立路
Ϻ,11(ζ-ʿ),
成都,10号线,花桥
北京,15号线,奥林匹克公园
Ϻ,11(ζ-ʿ),ƽ·
Ϻ,11(ζ-ʿ),ҫ·
北京,15号线,北沙滩
Ϻ,11(ζ-ʿ),
北京,15号线,六道口
成都,10号线,五津
Ϻ,11(ζ-ʿ),
成都,10号线,儒林路
杭州,9号线,临平
北京,15号线,清华东路西口
Ϻ,11(ζ-ʿ),ֶ
杭州,9号线,南苑
北京,16号线,北安河
成都,10号线,刘家碾
Ϻ,11(ζ-ʿ),·
北京,16号线,温阳路
杭州,9号线,临平南高铁站
成都,10号线,新平
Ϻ,11(ζ-ʿ),
Ϻ,11(ζ-ʿ),ɽ·
成都,17号线,九江北
北京,16号线,稻香湖路
杭州,9号线,翁梅
Ϻ,11(ζ-ʿ),·
Ϻ,11(ζ-ʿ),¹·
北京,16号线,屯佃
Ϻ,11(ζ-ʿ),ʿ
北京,16号线,永丰
成都,17号线,白佛桥
杭州,9号线,乔司
北京,16号线,永丰南
杭州,9号线,乔司南
北京,16号线,西北旺
北京,16号线,马连洼
北京,16号线,农大南路
北京,16号线,西苑
成都,17号线,机投桥
成都,18号线,火车南站
北京,16号线,万泉河桥
成都,18号线,孵化园
Ϻ,11(-ʿ),ʿ
杭州,9号线,客运中心
北京,16号线,苏州街
Ϻ,11(-ʿ),¹·
杭州,9号线,九睦路
Ϻ,11(-ʿ),·
杭州,9号线,红普南路
成都,18号线,锦城广场东
Ϻ,11(-ʿ),ɽ·
成都,18号线,世纪城
北京,16号线,苏州桥
北京,16号线,万寿寺
北京,16号线,国家图书馆
北京,16号线,二里沟
成都,18号线,海昌路
杭州,9号线,六堡
Ϻ,11(-ʿ),
杭州,9号线,五堡
成都,18号线,西博城
成都,18号线,兴隆
杭州,9号线,御道
成都,18号线,天府站
Ϻ,11(-ʿ),·
北京,16号线,甘家口
Ϻ,11(-ʿ),ֶ
北京,16号线,玉渊潭东门
Ϻ,11(-ʿ),
Ϻ,11(-ʿ),
成都,18号线,三岔
成都,18号线,福田
Ϻ,11(-ʿ),ҫ·
北京,16号线,木樨地
北京,16号线,达官营
Ϻ,11(-ʿ),ƽ·
成都,18号线,天府机场1号2号航站楼
Ϻ,11(-ʿ),
杭州,9号线,三堡
Ϻ,11(-ʿ),ϺӾ
杭州,9号线,江河汇
成都,18号线,天府机场北
Ϻ,11(-ʿ),һ
北京,16号线,红莲南路
Ϻ,11(-ʿ),ͨѧ
北京,16号线,东管头南

北京,16号线,丰台站
Ϻ,11(-ʿ),·
号航站楼
杭州,9号线,钱江路
成都,19号线,福田
杭州,9号线,新业路
Ϻ,11(-ʿ),¡·
杭州,9号线,观音塘
成都,19号线,三岔
北京,16号线,丰台南路
Ϻ,11(-ʿ),·
北京,16号线,富丰桥
Ϻ,11(-ʿ),·
Ϻ,11(-ʿ),
杭州,10号线,逸盛路
北京,16号线,看丹
北京,16号线,榆树庄
վ
杭州,10号线,金德路
成都,19号线,天府站
北京,16号线,洪泰庄
Ϻ,11(-ʿ),԰
杭州,10号线,杭行路
杭州,10号线,祥园路
成都,19号线,蓝家店
Ϻ,11(-ʿ),ɽ·
北京,16号线,宛平城
杭州,10号线,渡驾桥
北京,17号线,十里河
Ϻ,11(-ʿ),·
成都,19号线,天府商务区
杭州,10号线,花园岗
北京,17号线,周家庄
Ϻ,11(-ʿ),´
Ϻ,11(-ʿ),
北京,17号线,十八里店
杭州,10号线,和睦
杭州,10号线,北大桥
杭州,10号线,翠柏路
Ϻ,11(-ʿ),蹫·
成都,19号线,红莲
北京,17号线,北神树
杭州,10号线,学院路
Ϻ,11(-ʿ),½
杭州,10号线,文三路
Ϻ,11(-ʿ),ζ³
成都,19号线,正兴湾
杭州,10号线,黄龙体育中心
北京,17号线,次渠北
杭州,16号线,九州街
北京,17号线,次渠
Ϻ,11(-ʿ),Ϻ
成都,19号线,怡心湖
Ϻ,11(-ʿ),·
杭州,16号线,临安广场
杭州,16号线,农林大学
Ϻ,11(-ʿ),Ϻ
成都,19号线,牧华路
杭州,16号线,青山湖
Ϻ,11(-ʿ),ͤ
北京,17号线,嘉会湖
成都,19号线,温家山
北京,17号线北段,未来科学城北
Ϻ,11(-ʿ),׷·
杭州,16号线,八百里
杭州,16号线,青山湖科技城
Ϻ,11(-ʿ),·
杭州,16号线,南峰
杭州,16号线,南湖
Ϻ,11(-ʿ),
成都,19号线,龙港
北京,17号线北段,未来科学城
杭州,16号线,中泰
成都,19号线,双流机场2航站楼东
上海,12号线,七莘路
北京,17号线北段,天通苑东
北京,17号线北段,清河营
成都,19号线,龙桥路
杭州,16号线,禹航路
北京,17号线北段,红军营
上海,12号线,虹莘路
成都,19号线,九江北
成都,19号线,明光
北京,17号线北段,太阳宫
杭州,16号线,凤新路
上海,12号线,顾戴路
北京,17号线北段,西坝河
杭州,16号线,绿汀路
北京,17号线北段,左家庄
北京,17号线北段,工人体育场
成都,19号线,温泉大道
杭州,19号线,永盛路
上海,12号线,东兰路
上海,12号线,虹梅路
北京,19号线,新宫
成都,19号线,凤溪河
杭州,19号线,萧山国际机场
北京,19号线,新发地
杭州,19号线,知行路
北京,19号线,草桥
成都,19号线,市五医院
北京,19号线,景风门
杭州,19号线,耕文路
北京,19号线,牛街
杭州,19号线,平澜路
北京,19号线,太平桥
成都,19号线,黄石
北京,19号线,平安里
杭州,19号线,御道
上海,12号线,虹漕路
杭州,19号线,火车东站(东广场)
杭州,19号线,驿城路
北京,19号线,积水潭
杭州,19号线,西湖文化广场
北京,19号线,北太平庄
北京,19号线,牡丹园
上海,12号线,桂林公园
北京,昌平线,昌平西山口
杭州,19号线,沈塘桥
杭州,19号线,文三路
北京,昌平线,十三陵景区
上海,12号线,漕宝路
杭州,19号线,五联
上海,12号线,龙漕路
杭州,19号线,西溪湿地北
上海,12号线,龙华
上海,12号线,龙华中路
上海,12号线,大木桥路
北京,昌平线,昌平
杭州,19号线,荆长路
北京,昌平线,昌平东关
上海,12号线,嘉善路

杭州,19号线,海创园
上海,12号线,陕西南路
杭州,19号线,创景路
北京,昌平线,南邵
上海,12号线,南京西路
北京,昌平线,沙河高教园
北京,昌平线,沙河
上海,12号线,汉中路
杭州,19号线,火车西站
杭州,杭海城际,临平南高铁站
北京,昌平线,巩华城
上海,12号线,曲阜路
上海,12号线,天潼路
杭州,杭海城际,许村
北京,昌平线,朱辛庄
杭州,杭海城际,海宁高铁西站
上海,12号线,国际客运中心
北京,昌平线,生命科学园
杭州,杭海城际,长安(东方学院)
上海,12号线,提篮桥
杭州,杭海城际,长安东
杭州,杭海城际,周王庙
北京,昌平线,西二旗
上海,12号线,大连路
上海,12号线,江浦公园
杭州,杭海城际,盐官
北京,昌平线,清河站
上海,12号线,宁国路

杭州,杭海城际,桐九公路
杭州,杭海城际,斜桥
杭州,杭海城际,皮革城
上海,12号线,隆昌路
北京,昌平线,清河小营桥
杭州,杭海城际,海昌路
北京,昌平线,学知园
北京,昌平线,六道口
杭州,杭海城际,浙大国际校区
北京,昌平线,学院桥
上海,12号线,爱国路
北京,昌平线,西土城
上海,12号线,复兴岛
北京,大兴国际机场线,草桥
上海,12号线,东陆路
北京,大兴国际机场线,大兴新城
上海,12号线,巨峰路
上海,12号线,杨高北路
上海,12号线,金京路
上海,12号线,申江路
北京,大兴国际机场线,大兴机场
上海,12号线,金海路
上海,13号线,金运路
北京,房山线,阎村东
上海,13号线,金沙江西路
北京,房山线,苏庄
上海,13号线,丰庄
北京,房山线,良乡南关
上海,13号线,祁连山南路
北京,房山线,良乡大学城西
上海,13号线,真北路
北京,房山线,良乡大学城
上海,13号线,大渡河路
北京,房山线,良乡大学城北
上海,13号线,金沙江路
北京,房山线,广阳城
上海,13号线,隆德路
北京,房山线,篱笆房
上海,13号线,武宁路
北京,房山线,长阳
上海,13号线,长寿路
北京,房山线,稻田
北京,房山线,大葆台
上海,13号线,江宁路
上海,13号线,汉中路
北京,房山线,郭公庄
北京,房山线,白盆窑
北京,房山线,花乡东桥
上海,13号线,自然博物馆
北京,房山线,首经贸
上海,13号线,南京西路
北京,房山线,东管头南
北京,首都机场线,3号航站楼
上海,13号线,淮海中路
上海,13号线,一大会址·新天地
北京,首都机场线,2号航站楼
上海,13号线,马当路
北京,首都机场线,三元桥
上海,13号线,世博会博物馆
北京,首都机场线,东直门
上海,13号线,世博大道
北京,首都机场线,北新桥
北京,西郊线,巴沟
北京,西郊线,颐和园西门
上海,13号线,长清路
上海,13号线,成山路
北京,西郊线,茶棚
上海,13号线,东明路
北京,西郊线,万安
北京,西郊线,国家植物园
上海,13号线,华鹏路
上海,13号线,下南路
北京,西郊线,香山
上海,13号线,北蔡
北京,燕房线,阎村东
上海,13号线,陈春路
北京,燕房线,紫草坞
上海,13号线,莲溪路
北京,燕房线,阎村
北京,燕房线,星城
北京,燕房线,大石河东
北京,燕房线,马各庄
上海,13号线,华夏中路
北京,燕房线,饶乐府
上海,13号线,中科路
上海,13号线,学林路
北京,燕房线,房山城关
上海,13号线,张江路
上海,14号线,封浜
北京,燕房线,燕山
北京,亦庄线,宋家庄
上海,14号线,乐秀路
北京,亦庄线,肖村
北京,亦庄线,小红门
上海,14号线,临洮路
上海,14号线,嘉怡路
北京,亦庄线,旧宫
上海,14号线,定边路
北京,亦庄线,亦庄桥
上海,14号线,真新新村
北京,亦庄线,亦庄文化园
上海,14号线,真光路
北京,亦庄线,万源街
上海,14号线,铜川路
北京,亦庄线,荣京东街
北京,亦庄线,荣昌东街
上海,14号线,真如
上海,14号线,中宁路
北京,亦庄线,同济南路
上海,14号线,曹杨路
北京,亦庄线,经海路
北京,亦庄线,次渠南
上海,14号线,武宁路
北京,亦庄线,次渠
北京,亦庄线,亦庄火车站
上海,14号线,武定路
上海,14号线,静安寺
上海,14号线,一大会址·黄陂南路
上海,14号线,大世界
上海,14号线,豫园
上海,14号线,陆家嘴
上海,14号线,浦东南路
上海,14号线,浦东大道
上海,14号线,源深路
上海,14号线,昌邑路
上海,14号线,歇浦路
上海,14号线,云山路
上海,14号线,蓝天路
上海,14号线,黄杨路
上海,14号线,云顺路
上海,14号线,浦东足球场
上海,14号线,金粤路
上海,14号线,桂桥路
上海,15号线,顾村公园
上海,15号线,锦秋路
上海,15号线,丰翔路
上海,15号线,南大路
上海,15号线,祁安路
上海,15号线,古浪路
上海,15号线,武威东路
上海,15号线,上海西站
上海,15号线,铜川路
上海,15号线,梅岭北路
上海,15号线,大渡河路
上海,15号线,长风公园
上海,15号线,娄山关路
上海,15号线,红宝石路
上海,15号线,姚虹路
上海,15号线,吴中路
上海,15号线,桂林路
上海,15号线,桂林公园
上海,15号线,上海南站
上海,15号线,华东理工大学
上海,15号线,罗秀路
上海,15号线,朱梅路
上海,15号线,华泾西
上海,15号线,虹梅南路
上海,15号线,景西路
上海,15号线,曙建路
上海,15号线,双柏路
上海,15号线,元江路
上海,15号线,永德路
上海,15号线,紫竹高新区
上海,16号线,龙阳路
上海,16号线,华夏中路
上海,16号线,罗山路
上海,16号线,周浦东
上海,16号线,鹤沙航城
上海,16号线,航头东
上海,16号线,新场
上海,16号线,野生动物园
上海,16号线,惠南
上海,16号线,惠南东
上海,16号线,书院
上海,16号线,临港大道
上海,16号线,滴水湖
上海,17号线,虹桥火车站
上海,17号线,诸光路
上海,17号线,蟠龙路
上海,17号线,徐盈路
上海,17号线,徐泾北城
上海,17号线,嘉松中路
上海,17号线,赵巷
上海,17号线,汇金路
上海,17号线,青浦新城
上海,17号线,漕盈路
上海,17号线,淀山湖大道
上海,17号线,朱家角
上海,17号线,东方绿舟
上海,18号线,长江南路
上海,18号线,殷高路
上海,18号线,上海财经大学
上海,18号线,复旦大学
上海,18号线,国权路
上海,18号线,抚顺路
上海,18号线,江浦路
上海,18号线,江浦公园
上海,18号线,平凉路
上海,18号线,丹阳路
上海,18号线,昌邑路
上海,18号线,民生路
上海,18号线,杨高中路
上海,18号线,迎春路
上海,18号线,龙阳路
上海,18号线,芳芯路
上海,18号线,北中路
上海,18号线,莲溪路
上海,18号线,御桥
上海,18号线,康桥
上海,18号线,周浦
上海,18号线,繁荣路
上海,18号线,沈梅路
上海,18号线,鹤涛路
上海,18号线,下沙
上海,18号线,航头
上海,磁悬浮,浦东国际机场
上海,磁悬浮,龙阳路
上海,浦江线,沈杜公路
上海,浦江线,三鲁公路
上海,浦江线,闵瑞路
上海,浦江线,浦航路
上海,浦江线,东城一路
上海,浦江线,汇臻路
