city,line,name
广州,1号线,西塱
广州,1号线,坑口
天津,1号线,刘园
南京,S1号线(机场线),空港新城江宁
香港,迪士尼,迪士尼
天津,1号线,瑞景新苑
上海,1号线,莘庄
广州,1号线,花地湾
南京,S1号线(机场线),禄口机场
北京,S1线,苹果园
香港,迪士尼,欣澳
广州,1号线,芳村
上海,1号线,外环路
天津,1号线,佳园里
武汉,1号线,汉口北
上海,1号线,莲花路
天津,1号线,本溪路
香港,东铁线(落馬洲-紅磡),金钟
广州,1号线,黄沙
北京,S1线,金安桥
南京,S1号线(机场线),翔宇路南
重庆,1号线,朝天门
沈阳,1号线,黎明广场
大连,1号线,姚家
武汉,1号线,滠口新城
上海,1号线,锦江乐园
杭州,1号线,湘湖
天津,1号线,勤俭道
天津,1号线,洪湖里
南京,S1号线(机场线),翔宇路北
武汉,1号线,滕子岗
香港,东铁线(落馬洲-紅磡),会展
大连,1号线,大连北站
杭州,1号线,滨康路
上海,1号线,上海南站
广州,1号线,长寿路
重庆,1号线,小什字
沈阳,1号线,滂江街
北京,S1线,四道桥
天津,1号线,西站
武汉,1号线,堤角
南京,S1号线(机场线),正方中路
佛山,南海有轨电车1号线,礌岗
长春,1号线,北环城路
昆明,1号线(环城南路-大学城南),环城南路
苏州,1号线,木渎
大连,1号线,华北路
长沙,1号线,开福区政府
南京,S1号线(机场线),吉印大道
重庆,1号线,较场口
深圳,1号线/罗宝线,罗湖
香港,东铁线(落馬洲-紅磡),红磡
东莞,2号线,东莞火车站
杭州,1号线,西兴
上海,1号线,漕宝路
郑州,1号线,河南工业大学
南宁,1号线,火车东站
徐州,1号线,路窝
南昌,1号线,双港
兰州,1号线,陈官营
济南,1号线,方特
石家庄,1号线,西王
乌鲁木齐,1号线,国际机场
无锡,S1线,堰桥
贵阳,1号线,小孟工业园
成都,1号线(五根松-韦家碾),五根松
合肥,1号线,九联圩
哈尔滨,1号线,新疆大街
青岛,1号线,东郭庄
宁波,1号线,霞浦
北京,S1线,桥户营
昆明,1号线(环城南路-大学城南),昆明火车站
厦门,1号线,镇海路
佛山,南海有轨电车1号线,华翠路
太原,2号线,尖草坪
洛阳,1号线,红山
常州,1号线,森林公园
呼和浩特,1号线,伊利健康谷
沈阳,1号线,东中街
温州,S1线,桐岭
苏州,1号线,金枫路
广州,1号线,陈家祠
西安,1号线,咸阳西站
福州,1号线,象峰
武汉,1号线,新荣
天津,1号线,西北角
长春,1号线,庆丰路
宁波,1号线,长江路
哈尔滨,1号线,渤海路
青岛,1号线,沟岔
北京,S1线,上岸
合肥,1号线,丙子铺
大连,1号线,华南北
成都,1号线(五根松-韦家碾),广都
大连,1号线,华南广场
合肥,1号线,万年埠
青岛,1号线,农业大学
哈尔滨,1号线,镜泊路
石家庄,1号线,时光街
苏州,1号线,汾湖路
济南,1号线,济南西站
南昌,1号线,孔目湖
成都,1号线(五根松-韦家碾),四河
济南,1号线,大杨
兰州,1号线,奥体中心
苏州,1号线,玉山路
南宁,1号线,佛子岭
郑州,1号线,郑大科技园
深圳,1号线/罗宝线,国贸
太原,2号线,涧河
长沙,1号线,马厂
香港,东铁线(落馬洲-紅磡),旺角东
哈尔滨,1号线,镜泊路
南京,S1号线(机场线),河海大学·佛城西路
呼和浩特,1号线,西二环路
广州,1号线,西门口
佛山,南海有轨电车1号线,夏西
沈阳,1号线,中街
长沙,1号线,北辰三角洲
沈阳,1号线,怀远门
重庆,1号线,七星岗
东莞,2号线,茶山
杭州,1号线,滨和路
上海,1号线,上海体育馆
乌鲁木齐,1号线,大地窝堡
徐州,1号线,杏山子
贵阳,1号线,清水江路
无锡,S1线,马镇
沈阳,1号线,青年大街
福州,1号线,秀山
宁波,1号线,中河路
北京,S1线,栗园庄
温州,S1线,潘桥
昆明,1号线(环城南路-大学城南),福德
长春,1号线,一匡街
天津,1号线,西南角
常州,1号线,新龙
厦门,1号线,中山公园
洛阳,1号线,谷水
西安,1号线,宝泉路
武汉,1号线,丹水池
无锡,S1线,青阳
宁波,1号线,松花江路
南昌,1号线,长江路
合肥,1号线,万达城
石家庄,1号线,长城桥
大连,1号线,千山路
青岛,1号线,正阳中路
成都,1号线(五根松-韦家碾),华府大道
长沙,1号线,开福寺
成都,1号线(五根松-韦家碾),天府五街
武汉,1号线,徐州新村
深圳,1号线/罗宝线,老街
苏州,1号线,狮子山
济南,1号线,王府庄
兰州,1号线,兰州城市学院(省科技馆)
太原,2号线,胜利街
郑州,1号线,郑州大学
南宁,1号线,百花岭
温州,S1线,动车南站
南京,S1号线(机场线),翠屏山
香港,东铁线(落馬洲-紅磡),九龙塘
天津,1号线,二纬路
广州,1号线,公园前
呼和浩特,1号线,孔家营
哈尔滨,1号线,瓦盆窑
佛山,南海有轨电车1号线,夏东
济南,1号线,玉符河
贵阳,1号线,长江路
乌鲁木齐,1号线,宣仁墩
上海,1号线,徐家汇
东莞,2号线,榴花公园
杭州,1号线,江陵路
徐州,1号线,韩山
北京,S1线,小园
福州,1号线,罗汉山
重庆,1号线,两路口
沈阳,1号线,南市场
温州,S1线,新桥
南昌,1号线,珠江路
宁波,1号线,大碶
昆明,1号线(环城南路-大学城南),日新路
常州,1号线,旅游学校
厦门,1号线,将军祠
无锡,S1线,峭岐
长春,1号线,长春站北
西安,1号线,中华西路
洛阳,1号线,秦岭路
香港,东铁线(落馬洲-紅磡),大围
合肥,1号线,云谷路
长沙,1号线,文昌阁
大连,1号线,松江路
石家庄,1号线,和平医院
青岛,1号线,小寨子
南昌,1号线,庐山南大道
无锡,S1线,南闸
南昌,1号线,绿茵路
无锡,S1线,江阴高铁站
温州,S1线,德政
成都,1号线(五根松-韦家碾),天府三街
南京,S1号线(机场线),南京南站
太原,2号线,大北门
昆明,1号线(环城南路-大学城南),巫家坝
武汉,1号线,二七路
南宁,1号线,埌东客运站
郑州,1号线,梧桐街
兰州,1号线,兰州海关
深圳,1号线/罗宝线,大剧院
苏州,1号线,塔园路
温州,S1线,龙霞路
太原,2号线,缉虎营
昆明,1号线(环城南路-大学城南),昌宏西路
呼和浩特,1号线,呼钢南路
济南,1号线,赵营
沈阳,1号线,太原街
厦门,1号线,文灶
徐州,1号线,工农路
广州,1号线,农讲所
成都,1号线(五根松-韦家碾),世纪城
哈尔滨,1号线,同江路
佛山,南海有轨电车1号线,康怡公园
重庆,1号线,鹅岭
乌鲁木齐,1号线,三工
南昌,1号线,卫东
北京,S1线,石厂
东莞,2号线,下桥
上海,1号线,衡山路
天津,1号线,海光寺
洛阳,1号线,武汉路
福州,1号线,福州火车站
西安,1号线,安谷
常州,1号线,新桥
宁波,1号线,邬隘
长春,1号线,长春站
贵阳,1号线,珠江路
青岛,1号线,凤岗路
大连,1号线,东纬路
长沙,1号线,培元桥
香港,东铁线(落馬洲-紅磡),沙田
武汉,1号线,头道街
合肥,1号线,金斗公园
石家庄,1号线,烈士陵园
昆明,1号线(环城南路-大学城南),晓东村
杭州,1号线,近江
徐州,1号线,人民广场
无锡,S1线,江阴中医院
长沙,1号线,五一广场
武汉,1号线,黄浦路
深圳,1号线/罗宝线,科学馆
兰州,1号线,马滩
郑州,1号线,兰寨
温州,S1线,惠民路
南宁,1号线,凤岭
苏州,1号线,滨河路
南京,1号线,中国药科大学
徐州,1号线,苏堤路
温州,S1线,三垟湿地
太原,2号线,府西街
杭州,1号线,婺江路
温州,S1线,龙腾路
石家庄,1号线,新百广场
太原,2号线,开化寺街
厦门,1号线,湖滨东路
广州,1号线,烈士陵园
济南,1号线,紫薇路
呼和浩特,1号线,西龙王庙
沈阳,1号线,沈阳站
西安,1号线,陈杨寨
哈尔滨,1号线,哈尔滨南站
宁波,1号线,宝幢
佛山,南海有轨电车1号线,平西
北京,1号线八通线,古城
青岛,1号线,流亭
南昌,1号线,地铁大厦
重庆,1号线,大坪
常州,1号线,常州北站
大连,1号线,春柳
上海,1号线,常熟路
天津,1号线,鞍山道
长春,1号线,胜利公园
乌鲁木齐,1号线,迎宾路口
成都,1号线(五根松-韦家碾),锦城广场
东莞,2号线,天宝
贵阳,1号线,望城坡
洛阳,1号线,长安路
福州,1号线,斗门
合肥,1号线,塘西河公园
厦门,1号线,莲坂
香港,东铁线(落馬洲-紅磡),火炭
福州,1号线,树兜
无锡,S1线,南门
昆明,1号线(环城南路-大学城南),珥季路
长沙,1号线,黄兴广场
深圳,1号线/罗宝线,华强路
西安,1号线,白马河
武汉,1号线,三阳路
苏州,1号线,西环路
南京,1号线,南京交院
郑州,1号线,铁炉
兰州,1号线,土门墩
南宁,1号线,东盟商务区
昆明,1号线(环城南路-大学城南),星耀路
徐州,1号线,徐医附院
太原,2号线,大南门
南昌,1号线,秋水广场
哈尔滨,1号线,哈达
香港,东铁线(落馬洲-紅磡),大学
武汉,1号线,大智路
济南,1号线,大学城
合肥,1号线,紫庐
长沙,1号线,南门口
南宁,1号线,万象城
石家庄,1号线,解放广场
徐州,1号线,彭城广场
大连,1号线,香工街
佛山,南海有轨电车1号线,平南
南京,1号线,南医大·江苏经贸学院
兰州,1号线,兰州西站北广场
深圳,1号线/罗宝线,岗厦
沈阳,1号线,云峰北街
青岛,1号线,仙家寨(汽车北站)
苏州,1号线,桐泾北路
广州,1号线,东山口
呼和浩特,1号线,乌兰夫纪念馆
郑州,1号线,市民中心
杭州,1号线,城站
徐州,1号线,民主北路
昆明,1号线(环城南路-大学城南),新亚洲体育城
温州,S1线,科技城
呼和浩特,1号线,附属医院
哈尔滨,1号线,医大二院
兰州,1号线,西站什字
上海,1号线,陕西南路
重庆,1号线,石油路
常州,1号线,北郊中学
北京,1号线八通线,八角游乐园
宁波,1号线,五乡
天津,1号线,营口道
长春,1号线,人民广场
温州,S1线,瑶溪
洛阳,1号线,上海市场
乌鲁木齐,1号线,植物园
东莞,2号线,东城
厦门,1号线,莲花路口
贵阳,1号线,沙冲路
成都,1号线(五根松-韦家碾),孵化园
长春,1号线,解放大路
长春,1号线,东北师大
贵阳,1号线,贵阳火车站
西安,1号线,陕西中医药大学
无锡,S1线,中山公园
福州,1号线,屏山
成都,1号线(五根松-韦家碾),金融城
合肥,1号线,滨湖会展中心
福州,1号线,东街口
济南,1号线,园博园
南昌,1号线,滕王阁
武汉,1号线,循礼门
长沙,1号线,侯家塘
大连,1号线,中长街
南宁,1号线,会展中心
太原,2号线,体育馆
香港,东铁线(落馬洲-紅磡),大埔墟
石家庄,1号线,平安大街
郑州,1号线,西流湖
青岛,1号线,瑞金路
广州,1号线,杨箕
沈阳,1号线,铁西广场
南京,1号线,龙眠大道
苏州,1号线,广济南路
深圳,1号线/罗宝线,会展中心
佛山,南海有轨电车1号线,玉器街
哈尔滨,1号线,黑龙江大学
杭州,1号线,定安路
徐州,1号线,徐州火车站
长沙,1号线,南湖路
呼和浩特,1号线,新华广场
杭州,1号线,龙翔桥
昆明,1号线(环城南路-大学城南),南部汽车站
兰州,1号线,七里河
贵阳,1号线,河滨公园
宁波,1号线,邱隘东
天津,1号线,小白楼
重庆,1号线,歇台子
上海,1号线,一大会址·黄陂南路
北京,1号线八通线,八宝山
常州,1号线,外国语学校
香港,东铁线(落馬洲-紅磡),太和
厦门,1号线,吕厝
温州,S1线,奥体中心
乌鲁木齐,1号线,体育中心
洛阳,1号线,牡丹广场
东莞,2号线,旗峰公园
兰州,1号线,小西湖
哈尔滨,1号线,理工大学
大连,1号线,兴工街
南京,1号线,天印大道
南宁,1号线,金湖广场
郑州,1号线,西三环
香港,东铁线(落馬洲-紅磡),粉岭
南昌,1号线,万寿宫
青岛,1号线,遵义路
太原,2号线,南内环
长沙,1号线,黄土岭
济南,1号线,创新谷
呼和浩特,1号线,人民会堂
深圳,1号线/罗宝线,购物公园
广州,1号线,体育西路
佛山,南海有轨电车1号线,中区
沈阳,1号线,保工街
苏州,1号线,养育巷
合肥,1号线,高王
兰州,1号线,文化宫
石家庄,1号线,北国商城
武汉,1号线,友谊路
西安,1号线,沣河森林公园
无锡,S1线,江阴外滩
长春,1号线,工农广场
乌鲁木齐,1号线,铁路局
哈尔滨,1号线,学府路
大连,1号线,西安路
南宁,1号线,南湖
郑州,1号线,秦岭路
南京,1号线,竹山路
石家庄,1号线,博物院
香港,东铁线(落馬洲-紅磡),上水
福州,1号线,南门兜
成都,1号线(五根松-韦家碾),高新
乌鲁木齐,1号线,小西沟
徐州,1号线,子房山
香港,东铁线(落馬洲-紅磡),落马洲
徐州,1号线,铜山路
杭州,1号线,凤起路
香港,东铁线(羅湖-紅磡),金钟
常州,1号线,环球港
贵阳,1号线,中山西路
昆明,1号线(环城南路-大学城南),斗南
重庆,1号线,歇台子
宁波,1号线,东环南路
北京,1号线八通线,玉泉路
上海,1号线,人民广场
天津,1号线,下瓦房
石家庄,1号线,体育场
贵阳,1号线,喷水池
东莞,2号线,鸿福路
温州,S1线,永中
洛阳,1号线,七里河
厦门,1号线,乌石浦
石家庄,1号线,北宋
兰州,1号线,西关
苏州,1号线,乐桥
沈阳,1号线,启工街
合肥,1号线,骆岗
太原,2号线,王村南街
长沙,1号线,涂家冲
济南,1号线,工研院
深圳,1号线/罗宝线,香蜜湖
青岛,1号线,南岭
南昌,1号线,八一馆
广州,1号线,体育中心
呼和浩特,1号线,将军衙署
佛山,南海有轨电车1号线,三山新城北
长春,1号线,繁荣路
无锡,1号线,堰桥
武汉,1号线,利济北路
西安,1号线,北槐
温州,S1线,机场
南京,1号线,小龙湾
武汉,1号线,崇仁路
南宁,1号线,麻村
大连,1号线,富国街
哈尔滨,1号线,和兴路
郑州,1号线,五一公园
温州,S1线,灵昆
福州,1号线,茶亭
乌鲁木齐,1号线,中营工
成都,1号线(五根松-韦家碾),火车南站
武汉,1号线,硚口路
福州,1号线,达道
徐州,1号线,黄山垅
杭州,1号线,武林广场
乌鲁木齐,1号线,新疆图书馆
福州,1号线,上藤
香港,东铁线(羅湖-紅磡),会展
常州,1号线,新区公园
乌鲁木齐,1号线,八楼
昆明,1号线(环城南路-大学城南),春融街
天津,1号线,南楼
宁波,1号线,盛莫路
北京,1号线八通线,五棵松
重庆,1号线,石桥铺
上海,1号线,新闸路
福州,1号线,三叉街
贵阳,1号线,北京路
东莞,2号线,西平
太原,2号线,长风街
上海,1号线,汉中路
合肥,1号线,南站南广场
厦门,1号线,塘边
济南,2号线,王府庄
无锡,1号线,锡北运河
洛阳,1号线,王城公园
深圳,1号线/罗宝线,车公庙
西安,1号线,上林路
苏州,1号线,临顿路
南昌,1号线,八一广场
兰州,1号线,省政府
呼和浩特,1号线,艺术学院
青岛,1号线,兴国路
石家庄,1号线,谈固
佛山,南海有轨电车1号线,文翰湖公园(季华实验室)
长沙,1号线,铁道学院
长春,1号线,卫星广场
广州,1号线,广州东站
沈阳,1号线,重工街
南宁,1号线,民族广场
南京,1号线,百家湖
哈尔滨,1号线,西大桥
郑州,1号线,碧沙岗
大连,1号线,会展中心
长春,1号线,市政府
沈阳,1号线,迎宾路
温州,S1线,瓯江口
南京,1号线,胜太路
沈阳,1号线,于洪广场
成都,1号线(五根松-韦家碾),桐梓林
武汉,1号线,太平洋
南京,1号线,河定桥
杭州,1号线,西湖文化广场
徐州,1号线,庆丰路
沈阳,1号线,开发大道
南京,1号线,双龙大道
香港,东铁线(羅湖-紅磡),红磡
常州,1号线,河海
天津,1号线,土城
昆明,1号线(环城南路-大学城南),驼峰街
重庆,1号线,高庙村
北京,1号线八通线,万寿路
宁波,1号线,福庆北路
乌鲁木齐,1号线,王家梁
沈阳,1号线,张士
贵阳,1号线,八鸽岩
东莞,2号线,蛤地
福州,1号线,白湖亭
佛山,南海有轨电车1号线,三山新城南
石家庄,1号线,朝晖桥
南昌,1号线,丁公路北
呼和浩特,1号线,东影路
香港,东铁线(羅湖-紅磡),旺角东
太原,2号线,学府街
深圳,1号线/罗宝线,竹子林
合肥,1号线,合肥南站
广州,佛山2号线,广州南站
长沙,1号线,友谊路
济南,2号线,腊山南
青岛,1号线,永年路
苏州,1号线,相门
兰州,1号线,东方红广场
无锡,1号线,西漳
上海,1号线,上海火车站
洛阳,1号线,解放路
厦门,1号线,火炬园
西安,1号线,沣东自贸园
沈阳,1号线,四号街
呼和浩特,1号线,内蒙古展览馆
长春,1号线,华庆路
哈尔滨,1号线,哈工大
郑州,1号线,绿城广场
南宁,1号线,新民路
大连,1号线,星海广场
福州,1号线,葫芦阵
温州,S1线,瓯华
哈尔滨,1号线,铁路局
温州,S1线,双瓯大道
哈尔滨,1号线,博物馆
成都,1号线(五根松-韦家碾),倪家桥
徐州,1号线,医科大学
杭州,1号线,打铁关
武汉,1号线,宗关
温州,S2线,清东路
天津,1号线,陈塘庄
常州,1号线,奥体中心
哈尔滨,1号线,医大一院
南京,1号线,南京南站
兰州,1号线,兰州大学
贵阳,1号线,南垭路
重庆,1号线,马家岩
宁波,1号线,海晏北路
乌鲁木齐,1号线,南湖北路
北京,1号线八通线,公主坟
东莞,2号线,陈屋
南昌,1号线,师大南路
石家庄,1号线,白佛
佛山,南海有轨电车1号线,林岳北
昆明,1号线(环城南路-大学城南),联大街
北京,1号线八通线,军事博物馆
厦门,1号线,殿前
长沙,1号线,省政府·清风
济南,2号线,腊山
广州,佛山2号线,林岳东(2号线)
无锡,1号线,天一
深圳,1号线/罗宝线,侨城东
青岛,1号线,沧安路
上海,1号线,中山北路
太原,2号线,南中环
西安,1号线,后卫寨
沈阳,1号线,七号街
香港,东铁线(羅湖-紅磡),九龙塘
苏州,1号线,东环路
合肥,1号线,望湖城
洛阳,1号线,周王城广场
呼和浩特,1号线,内蒙古博物院
南宁,1号线,朝阳广场
郑州,1号线,医学院
大连,1号线,大医二院
长春,1号线,红嘴子
苏州,1号线,中央公园
福州,1号线,黄山
长春,2号线,汽车公园
东莞,2号线,寮厦
徐州,1号线,乔家湖
成都,1号线(五根松-韦家碾),省体育馆
合肥,1号线,葛大店
杭州,1号线,闸弄口
武汉,1号线,汉西一路
苏州,1号线,星海广场
郑州,1号线,郑州火车站
苏州,1号线,东方之门
呼和浩特,1号线,市政府
合肥,1号线,秋浦河路
南宁,1号线,火车站
大连,1号线,黑石礁
石家庄,1号线,留村
长春,2号线,捷达大路
佛山,南海有轨电车1号线,林岳西
哈尔滨,1号线,烟厂
佛山,南海有轨电车1号线,林岳东
兰州,1号线,五里铺
南昌,1号线,彭家桥
南京,1号线,花神庙
温州,S2线,旭阳路
常州,1号线,市民广场
乌鲁木齐,1号线,南湖广场
贵阳,1号线,雅关
宁波,1号线,世纪大道
天津,1号线,复兴门
重庆,1号线,小龙坎
长沙,1号线,桂花坪
兰州,1号线,省气象局
济南,2号线,二环西路
广州,佛山2号线,林岳西
青岛,1号线,青岛北站
北京,1号线八通线,木樨地
深圳,1号线/罗宝线,华侨城
无锡,1号线,刘潭
厦门,1号线,高崎
沈阳,1号线,中央大街
昆明,1号线(环城南路-大学城南),谊康南路
太原,2号线,晋阳街
香港,东铁线(羅湖-紅磡),大围
西安,1号线,三桥
上海,1号线,延长路
长沙,1号线,大托
洛阳,1号线,应天门
沈阳,1号线,十三号街
福州,1号线,排下
哈尔滨,1号线,工程大学
太原,2号线,龙兴街
东莞,2号线,珊美
徐州,1号线,金龙湖
香港,东铁线(羅湖-紅磡),沙田
成都,1号线(五根松-韦家碾),华西坝
杭州,1号线,火车东站
武汉,1号线,古田四路
苏州,1号线,文化博览中心
合肥,1号线,朱岗
太原,2号线,龙城公园
大连,1号线,学苑广场
呼和浩特,1号线,呼和浩特东站
郑州,1号线,二七广场
南宁,1号线,白苍岭
石家庄,1号线,火炬广场
长春,2号线,西湖
香港,东铁线(羅湖-紅磡),火炭
佛山,佛山2号线,南庄
郑州,1号线,人民路·河南中医一附院
南京,1号线,软件大道
南昌,1号线,谢家村
香港,东铁线(羅湖-紅磡),大学
贵阳,1号线,贵阳北站
宁波,1号线,福明路
济南,2号线,老屯
青岛,1号线,安顺路
深圳,1号线/罗宝线,世界之窗
郑州,1号线,紫荆山
兰州,1号线,拱星墩
重庆,1号线,沙坪坝
常州,1号线,翠竹
温州,S2线,万岙
乌鲁木齐,1号线,新兴街
天津,1号线,华山里
广州,佛山2号线,石洲
无锡,1号线,庄前
北京,1号线八通线,南礼士路
厦门,1号线,集美学村
乌鲁木齐,1号线,北门
长沙,1号线,中信广场
沈阳,2号线,蒲田路
昆明,1号线(环城南路-大学城南),大学城
哈尔滨,1号线,太平桥
厦门,1号线,园博苑
大连,1号线,海事大学
西安,1号线,皂河
福州,1号线,城门
上海,1号线,上海马戏城
洛阳,1号线,丽景门
厦门,1号线,杏林村
徐州,1号线,徐州东站
东莞,2号线,展览中心
洛阳,1号线,洛邑古城
南宁,1号线,广西大学
合肥,1号线,合工大南区
石家庄,1号线,石家庄东站
太原,2号线,嘉节
苏州,1号线,时代广场
呼和浩特,1号线,后不塔气
郑州,1号线,燕庄
成都,1号线(五根松-韦家碾),锦江宾馆
杭州,1号线,彭埠
长春,2号线,双丰
武汉,1号线,古田三路
南昌,1号线,青山湖大道
洛阳,1号线,夹马营
南京,1号线,天隆寺
佛山,佛山2号线,湖涌
郑州,1号线,民航路
兰州,1号线,焦家湾
青岛,1号线,胜利桥(纺织谷)
深圳,1号线/罗宝线,白石洲
杭州,1号线,七堡
济南,2号线,八里桥
香港,东铁线(羅湖-紅磡),大埔墟
宁波,1号线,樱花公园
贵阳,1号线,白鹭湖
常州,1号线,常州火车站
重庆,1号线,杨公桥
温州,S2线,盐盆
天津,1号线,财经大学
郑州,1号线,会展中心
广州,佛山2号线,仙涌
北京,1号线八通线,复兴门
无锡,1号线,民丰
杭州,1号线,九和路
乌鲁木齐,1号线,南门
郑州,1号线,黄河南路
哈尔滨,1号线,交通学院
沈阳,2号线,蒲河路
长沙,1号线,尚双塘
昆明,1号线(环城南路-大学城南),大学城南
成都,1号线(五根松-韦家碾),天府广场
大连,1号线,七贤岭
福州,1号线,三角埕
上海,1号线,汶水路
西安,1号线,枣园
沈阳,2号线,人杰湖公园
东莞,2号线,虎门火车站
厦门,1号线,杏锦路
徐州,2号线,客运北站
呼和浩特,1号线,什兰岱
洛阳,1号线,启明南路
太原,2号线,电子西街
合肥,1号线,包公园
苏州,1号线,星湖街
南宁,1号线,鲁班路
石家庄,1号线,南村
南宁,1号线,动物园
佛山,佛山2号线,绿岛湖
南京,1号线,安德门
大连,1号线,河口
南昌,1号线,高新大道
武汉,1号线,古田二路
长春,2号线,长春西站
石家庄,1号线,洨河大道
青岛,1号线,中心医院
深圳,1号线/罗宝线,高新园
兰州,1号线,东岗
济南,2号线,益康路
广州,佛山2号线,花卉世界
香港,东铁线(羅湖-紅磡),太和
长春,2号线,兴隆堡
宁波,1号线,舟孟北路
无锡,1号线,无锡火车站
重庆,1号线,烈士墓
贵阳,1号线,新寨
天津,1号线,双林
温州,S2线,新望
常州,1号线,博爱路
北京,1号线八通线,西单
济南,2号线,济南站北
香港,东铁线(羅湖-紅磡),粉岭
郑州,1号线,农业南路
哈尔滨,1号线,桦树街
长沙,2号线,梅溪湖西
无锡,1号线,胜利门
乌鲁木齐,1号线,二道桥
杭州,1号线,九堡
香港,东铁线(羅湖-紅磡),上水
沈阳,2号线,辽宁大学
昆明,1号线(环城南路-昆明南火车站),环城南路
长沙,2号线,麓云路
苏州,1号线,南施街
呼和浩特,1号线,白塔西
太原,2号线,康宁街
合肥,1号线,大东门
沈阳,2号线,航空航天大学
福州,1号线,胪雷
上海,1号线,彭浦新村
西安,1号线,汉城路
徐州,2号线,李沃
成都,1号线(五根松-韦家碾),骡马市
厦门,1号线,官任
太原,2号线,通达街
南宁,1号线,清川
洛阳,1号线,塔湾
南京,1号线,中华门
南昌,1号线,艾溪湖西
大连,2号线,大连北站
佛山,佛山2号线,智慧新城
成都,1号线(五根松-韦家碾),文殊院
兰州,2号线,雁白大桥
青岛,1号线,水清沟
石家庄,1号线,西庄
深圳,1号线/罗宝线,深大
南宁,1号线,民族大学
大连,2号线,南关岭
广州,佛山2号线,登洲
武汉,1号线,古田一路
成都,1号线(五根松-韦家碾),人民北路
济南,2号线,济泺路
武汉,1号线,舵落口
长春,2号线,西环城路
贵阳,1号线,阳关
温州,S2线,翁垟
宁波,1号线,江厦桥东
重庆,1号线,磁器口
常州,1号线,文化宫
天津,1号线,李楼
北京,1号线八通线,天安门西
济南,2号线,生产路
哈尔滨,1号线,哈尔滨东站
无锡,1号线,三阳广场
乌鲁木齐,1号线,新疆大学
杭州,1号线,客运中心
郑州,1号线,东风南路
天津,1号线,洪泥河东
香港,东铁线(羅湖-紅磡),罗湖
昆明,1号线(环城南路-昆明南火车站),昆明火车站
郑州,1号线,郑州东站
呼和浩特,1号线,坝堰(机场)
苏州,1号线,星塘街
合肥,1号线,明光路
长沙,2号线,文化艺术中心
宁波,1号线,东门口
沈阳,2号线,师范大学
徐州,2号线,九里山
福州,1号线,福州火车南站
上海,1号线,共康路
西安,1号线,开远门
太原,2号线,化章西街
乌鲁木齐,1号线,三屯碑
洛阳,1号线,史家湾
厦门,1号线,诚毅广场
沈阳,2号线,医学院
南昌,1号线,艾溪湖东
佛山,佛山2号线,张槎
南京,1号线,三山街
无锡,1号线,南禅寺
深圳,1号线/罗宝线,桃园
兰州,2号线,均家滩
青岛,1号线,北岭
石家庄,1号线,东庄
南宁,1号线,西乡塘客运站
广州,佛山2号线,湾华
大连,2号线,体育中心
成都,1号线(五根松-韦家碾),火车北站
南宁,1号线,鹏飞路
徐州,2号线,奔腾大道
武汉,1号线,竹叶海
长春,2号线,和平大街
温州,S2线,柳市东
北京,1号线八通线,天安门东
常州,1号线,同济桥
贵阳,1号线,国际生态会议中心
重庆,1号线,石井坡
济南,2号线,北园
哈尔滨,2号线,江北大学城
无锡,1号线,谈渡桥
苏州,1号线,钟南街
长沙,2号线,梅溪湖东
合肥,1号线,长淮
哈尔滨,2号线,哈尔滨北站
香港,东涌线,东涌
郑州,1号线,博学路
呼和浩特,2号线,塔利东路
大连,2号线,卫生中心
天津,1号线,高庄子
太原,2号线,西桥
济南,2号线,历山路
杭州,1号线,下沙西
佛山,佛山2号线,石湾
南昌,1号线,太子殿
昆明,1号线(环城南路-昆明南火车站),福德
南京,1号线,张府园
沈阳,2号线,三台子
上海,1号线,通河新村
兰州,2号线,张苏滩
济南,2号线,七里堡
青岛,1号线,小村庄
石家庄,1号线,会展中心
深圳,1号线/罗宝线,大新
西安,1号线,劳动路
宁波,1号线,鼓楼
广州,佛山2号线,石梁
厦门,1号线,集美软件园
南昌,1号线,奥体中心
洛阳,1号线,杨湾
福州,1号线,安平
长沙,2号线,望城坡(汽车西站)
佛山,佛山2号线,沙岗
南宁,1号线,南职院
佛山,佛山2号线,魁奇路
大连,2号线,后革
大连,2号线,革镇堡
温州,S2线,灵昆
常州,1号线,清凉寺
重庆,1号线,双碑
武汉,1号线,额头湾
成都,1号线(五根松-韦家碾),升仙湖
贵阳,1号线,观山湖公园
徐州,2号线,九龙湖
长春,2号线,万福街
北京,1号线八通线,王府井
哈尔滨,2号线,大耿家
呼和浩特,2号线,新店
苏州,2号线,骑河
合肥,1号线,合肥火车站
香港,东涌线,欣澳
郑州,1号线,市体育中心
无锡,1号线,太湖广场
大连,2号线,中革
天津,1号线,国家会展中心
杭州,1号线,金沙湖
香港,东涌线,青衣
杭州,1号线,高沙路
北京,1号线八通线,东单
福州,1号线,梁厝
无锡,1号线,清名桥
贵阳,1号线,林城西路
长春,2号线,景阳广场
上海,1号线,呼兰路
徐州,2号线,庆云桥
深圳,1号线/罗宝线,鲤鱼门
青岛,1号线,海泊桥(海慈医疗)
厦门,1号线,集美大道
广州,佛山2号线,魁奇路
南昌,1号线,瑶湖西
杭州,1号线,文泽路
济南,2号线,祝甸
沈阳,2号线,陵西
石家庄,1号线,商务中心
洛阳,2号线,二乔路
成都,1号线(五根松-韦家碾),韦家碾
南京,1号线,新街口
宁波,1号线,西门口
西安,1号线,玉祥门
长沙,2号线,金星路
兰州,2号线,五里铺
南宁,1号线,石埠
福州,1号线,下洋
佛山,佛山2号线,石梁
昆明,1号线(环城南路-昆明南火车站),日新路
呼和浩特,2号线,百合路
南京,1号线,珠江路
佛山,佛山2号线,湾华
郑州,1号线,龙子湖
哈尔滨,2号线,龙川路
苏州,2号线,富翔路
合肥,1号线,瑶海公园
常州,1号线,茶山
武汉,1号线,五环大道
重庆,1号线,赖家桥
温州,S2线,机场
呼和浩特,2号线,北山公园
大连,2号线,前革
合肥,1号线,兴华苑
香港,东涌线,荔景
天津,1号线,国瑞路
大连,2号线,辛寨子
香港,东涌线,南昌
大连,2号线,机场
呼和浩特,2号线,丝绸之路大道
深圳,1号线/罗宝线,前海湾
青岛,1号线,台东
南京,1号线,鼓楼
广州,佛山2号线,沙岗
石家庄,1号线,园博园
济南,2号线,八涧堡
沈阳,2号线,新乐遗址
南昌,2号线,南路
北京,1号线八通线,建国门
无锡,1号线,人民医院
贵阳,1号线,阅山湖公园
厦门,1号线,天水路
徐州,2号线,彭城广场
上海,1号线,共富新村
长春,2号线,解放桥
洛阳,2号线,邙岭
杭州,1号线,文海南路
天津,1号线,东沽路
南昌,2号线,大岗
长沙,2号线,西湖公园
兰州,2号线,团结新村
宁波,1号线,大卿桥
西安,1号线,洒金桥
成都,1号线(科学城-韦家碾),科学城
呼和浩特,2号线,一家村
南宁,2号线,西津
福州,1号线,三江口
兰州,2号线,红星巷
昆明,1号线(环城南路-昆明南火车站),巫家坝
武汉,1号线,东吴大道
哈尔滨,2号线,世茂大道
苏州,2号线,高铁苏州北站
郑州,1号线,文苑北路
佛山,佛山2号线,登洲
常州,1号线,聚湖路
天津,2号线,滨海国际机场
重庆,1号线,微电园
温州,S2线,永兴
西安,1号线,北大街
哈尔滨,2号线,冰雪大世界
苏州,2号线,大湾
郑州,1号线,河南大学新区
武汉,1号线,码头潭公园
佛山,佛山2号线,花卉世界
常州,1号线,湖塘
合肥,1号线,张洼
兰州,2号线,兰州火车站
天津,2号线,空港经济区
重庆,1号线,陈家桥
温州,S2线,沙城
南京,1号线,玄武门
合肥,2号线,南岗
香港,东涌线,奥运
大连,2号线,虹港路
南京,1号线,新模范马路
青岛,1号线,广饶路
广州,佛山2号线,石湾
深圳,1号线/罗宝线,新安
济南,2号线,姜家庄
石家庄,1号线,福泽
沈阳,2号线,北陵公园
北京,1号线八通线,永安里
大连,2号线,虹锦路
无锡,1号线,华清大桥
厦门,1号线,厦门北站
贵阳,1号线,老湾塘
上海,1号线,宝安公路
徐州,2号线,户部山
杭州,1号线,云水
长春,2号线,建设广场
洛阳,2号线,国花路
沈阳,2号线,中医药大学
南昌,2号线,生米
长沙,2号线,溁湾镇
宁波,1号线,泽民
洛阳,2号线,洛阳火车站
长沙,2号线,橘子洲
沈阳,2号线,岐山路
呼和浩特,2号线,成吉思汗公园
南宁,2号线,安吉客运站
成都,1号线(科学城-韦家碾),兴隆湖
福州,2号线,苏洋
沈阳,2号线,沈阳北站
昆明,1号线(环城南路-昆明南火车站),昌宏西路
西安,1号线,五路口
苏州,2号线,富元路
佛山,佛山2号线,仙涌
哈尔滨,2号线,太阳岛
福州,2号线,沙堤
兰州,2号线,邮电大楼
郑州,2号线,贾河
武汉,1号线,三店
常州,1号线,新天地公园
天津,2号线,国山路
重庆,1号线,大学城
温州,S2线,天河
西安,1号线,朝阳门
郑州,2号线,惠济区政府
合肥,2号线,桂庄
香港,东涌线,九龙
南京,1号线,南京站
广州,佛山2号线,张槎
石家庄,2号线,柳辛庄
青岛,1号线,观象山(市立医院)
深圳,1号线/罗宝线,宝安中心
济南,2号线,凤凰路
北京,1号线八通线,国贸
大连,2号线,红旗西路
贵阳,1号线,下麦西
香港,东涌线,香港
徐州,2号线,师大云龙校区
杭州,1号线,下沙江滨
厦门,1号线,岩内
无锡,1号线,扬名
上海,1号线,友谊西路
长春,2号线,文化广场
北京,1号线八通线,大望路
宁波,1号线,望春桥
南昌,2号线,九龙湖南
洛阳,2号线,纱厂路
长春,2号线,解放大路
宁波,1号线,徐家漕长乐
长沙,2号线,湘江中路
呼和浩特,2号线,毫沁营
南宁,2号线,苏卢
长春,2号线,平阳街
成都,1号线(科学城-韦家碾),广州路
长沙,2号线,五一广场
沈阳,2号线,金融中心
昆明,1号线(环城南路-昆明南火车站),晓东村
呼和浩特,2号线,成吉思汗广场
苏州,2号线,蠡口
兰州,2号线,东方红广场
哈尔滨,2号线,人民广场
佛山,佛山2号线,石洲
重庆,1号线,尖顶坡
温州,S2线,海城
常州,1号线,长虹路
武汉,1号线,径河
天津,2号线,登州路
福州,2号线,上街
沈阳,2号线,市府广场
西安,1号线,康复路
合肥,2号线,汽车西站
郑州,2号线,毛庄
青岛,1号线,中山路
石家庄,2号线,庄窠·铁道大学
南京,1号线,红山动物园
广州,佛山2号线,智慧新城
济南,2号线,鲍山
深圳,1号线/罗宝线,宝体
福州,2号线,金屿
无锡,1号线,南湖家园
大连,2号线,湾家
香港,港岛线,坚尼地城
徐州,2号线,中心医院
厦门,2号线,天竺山
贵阳,1号线,窦官
上海,1号线,富锦路
杭州,1号线,杭州大会展中心
南昌,2号线,市民中心
杭州,1号线,港城大道
北京,1号线八通线,四惠
南昌,2号线,鹰潭街
西安,1号线,通化门
洛阳,2号线,解放路
杭州,1号线,南阳
南宁,2号线,三十三中
宁波,1号线,芦港
南昌,2号线,国博
长春,2号线,南关
成都,1号线(科学城-韦家碾),西博城
长沙,2号线,芙蓉广场
呼和浩特,2号线,内蒙古体育馆
哈尔滨,2号线,中央大街
南昌,2号线,西站南广场
佛山,佛山2号线,林岳西
苏州,2号线,徐图港
昆明,1号线(环城南路-昆明南火车站),珥季路
长春,2号线,吉林大路
沈阳,2号线,青年大街
重庆,1号线,璧山
温州,S2线,鲍田
武汉,2号线,佛祖岭
常州,1号线,延政大道
郑州,2号线,黄河迎宾馆
合肥,2号线,振兴路
石家庄,2号线,义堂
沈阳,2号线,青年公园
广州,佛山2号线,绿岛湖
青岛,1号线,青岛站
深圳,1号线/罗宝线,坪洲
南京,1号线,迈皋桥
济南,2号线,彭家庄
天津,2号线,屿东城
成都,1号线(科学城-韦家碾),天府公园
大连,2号线,马栏广场
香港,港岛线,香港大学
武汉,2号线,藏龙东街
南京,1号线,晓庄
香港,港岛线,西营盘
福州,2号线,福州大学
无锡,1号线,塘铁桥
徐州,2号线,淮塔
贵阳,2号线,白云北路
上海,2号线,浦东国际机场
厦门,2号线,东孚
香港,港岛线,上环
北京,1号线八通线,四惠东
南宁,2号线,秀厢
上海,2号线,海天三路
西安,1号线,万寿路
洛阳,2号线,牡丹桥
香港,港岛线,中环
杭州,1号线,向阳路
宁波,1号线,梁祝
洛阳,2号线,文博园
上海,2号线,远东大道
哈尔滨,2号线,尚志大街
呼和浩特,2号线,呼和浩特体育场
苏州,2号线,阳澄湖中路
长沙,2号线,迎宾路口
佛山,佛山2号线,林岳东(2号线)
南昌,2号线,南昌西站
重庆,2号线,较场口
长春,2号线,东盛大街
温州,S2线,大典下
常州,1号线,科教城北
南宁,2号线,明秀路
昆明,1号线(环城南路-昆明南火车站),星耀路
南宁,2号线,火车站
郑州,2号线,金洼
合肥,2号线,蜀山西
广州,佛山2号线,湖涌
青岛,1号线,西镇
石家庄,2号线,建和桥
济南,3号线,滩头
深圳,1号线/罗宝线,西乡
沈阳,2号线,工业展览馆
天津,2号线,翠阜新村
天津,2号线,靖江路
大连,2号线,辽师大
成都,1号线(科学城-韦家碾),武汉路
武汉,2号线,秀湖
南宁,2号线,朝阳广场
南京,1号线,吉祥庵
大连,2号线,交通大学
徐州,2号线,科技城
贵阳,2号线,白云中路
福州,2号线,董屿·福建师大
厦门,2号线,东瑶
无锡,1号线,金匮公园
大连,2号线,西安路
北京,1号线八通线,高碑店
大连,2号线,联合路
西安,1号线,长乐坡
大连,2号线,人民广场
宁波,1号线,高桥
杭州,1号线,萧山国际机场
香港,港岛线,金钟
西安,1号线,浐河
洛阳,2号线,隋唐园
西安,1号线,半坡
呼和浩特,2号线,公主府
苏州,2号线,陆慕
长沙,2号线,袁家岭
哈尔滨,2号线,哈尔滨站
南昌,2号线,龙岗
佛山,佛山2号线,广州南站
上海,2号线,凌空路
大连,2号线,一二九街
石家庄,2号线,长安公园
重庆,2号线,临江门
长春,2号线,东环城路
深圳,1号线/罗宝线,固戍
广州,佛山2号线,南庄
济南,3号线,济南东站
沈阳,2号线,市图书馆
郑州,2号线,金达路
青岛,1号线,团岛
温州,S2线,汀田
合肥,2号线,大蜀山
常州,1号线,科教城南
佛山,3号线,顺德学院站
昆明,1号线(环城南路-昆明南火车站),新亚洲体育城
常州,1号线,武进沿江城际
天津,2号线,顺驰桥
南昌,2号线,国体中心
成都,1号线(科学城-韦家碾),麓湖
武汉,2号线,金融港北
南京,1号线,燕子矶
南宁,2号线,南宁剧场
常州,1号线,阳湖路
徐州,2号线,七里沟
贵阳,2号线,云峰大道
福州,2号线,厚庭
厦门,2号线,新阳大道
无锡,1号线,市民中心
南京,1号线,笆斗山
北京,1号线八通线,传媒大学
南京,1号线,八卦洲大桥南
南宁,2号线,福建园
香港,港岛线,湾仔
宁波,1号线,高桥西
杭州,1号线,湘湖
洛阳,2号线,体育中心
南宁,2号线,亭洪路
长沙,2号线,长沙火车站
西安,1号线,纺织城
呼和浩特,2号线,呼和浩特站
上海,2号线,川沙
苏州,2号线,平泷路东
哈尔滨,2号线,博物馆
长沙,2号线,锦泰广场
长春,2号线,长青
济南,3号线,裴家营
重庆,2号线,黄花园
石家庄,2号线,北国商城
大连,2号线,青泥洼桥
广州,2号线,广州南站
温州,S2线,莘塍
深圳,1号线/罗宝线,后瑞
青岛,1号线,凤凰岛
沈阳,2号线,五里河
合肥,2号线,天柱路
郑州,2号线,刘庄
哈尔滨,2号线,工人文化宫
佛山,3号线,顺德欢乐海岸
哈尔滨,2号线,省政府
昆明,1号线(环城南路-昆明南火车站),南部汽车站
天津,2号线,远洋国际中心
哈尔滨,2号线,省医院
成都,1号线(科学城-韦家碾),红石公园
南昌,2号线,卧龙山
武汉,2号线,黄龙山路
厦门,2号线,新垵
温州,S2线,上望
贵阳,2号线,泉湖公园
无锡,1号线,文化宫
徐州,2号线,百果园
常州,1号线,南夏墅
福州,2号线,桔园洲
昆明,1号线(环城南路-昆明南火车站),斗南
北京,1号线八通线,双桥
郑州,2号线,柳林
南京,2号线,鱼嘴
常州,2号线,青枫公园
香港,港岛线,铜锣湾
杭州,1号线,滨康路
宁波,2号线,栎社国际机场
南京,2号线,天保街
南宁,2号线,石柱岭
洛阳,2号线,市民之家
上海,2号线,华夏东路
呼和浩特,2号线,新华广场
苏州,2号线,平河路
杭州,1号线,西兴
西安,2号线,常宁宫
长春,2号线,东方广场
大连,2号线,友好广场
广州,2号线,石壁
南宁,2号线,江南客运站
合肥,2号线,科学大道
石家庄,2号线,裕华路
青岛,1号线,山里
长沙,2号线,万家丽广场
重庆,2号线,大溪沟
深圳,1号线/罗宝线,机场东
沈阳,2号线,奥体中心
济南,3号线,王舍人
杭州,1号线,滨和路
佛山,3号线,顺德一中
济南,3号线,张马屯
佛山,3号线,驹荣北路
哈尔滨,2号线,珠江路
天津,2号线,天津站
佛山,3号线,东乐路
南京,2号线,青莲街
南昌,2号线,岭北
福州,2号线,洪湾
贵阳,2号线,枫林路
温州,S2线,上东路
无锡,1号线,江南大学
武汉,2号线,武汉东站
成都,1号线(科学城-韦家碾),广福
厦门,2号线,翁角路
徐州,2号线,拖龙山
郑州,2号线,沙门
佛山,3号线,大良钟楼
昆明,1号线(环城南路-昆明南火车站),春融街
北京,1号线八通线,管庄
南昌,2号线,前湖大道
香港,港岛线,天后
宁波,2号线,栎社
常州,2号线,海棠路
徐州,2号线,大龙湖
洛阳,2号线,开元湖
上海,2号线,创新中路
西安,2号线,何家营
南昌,2号线,学府大道东
呼和浩特,2号线,中山路
苏州,2号线,苏州火车站
洛阳,2号线,兴洛湖
合肥,2号线,十里庙
沈阳,2号线,营盘街
深圳,坪山云巴1号线,比亚迪北
南宁,2号线,大沙田
青岛,1号线,南北屯
长沙,2号线,人民东路
大连,2号线,中山广场
石家庄,2号线,槐中路
广州,2号线,会江
长春,3号线,伪满皇宫
重庆,2号线,曾家岩
重庆,2号线,牛角沱
济南,3号线,八涧堡
杭州,1号线,江陵路
西安,2号线,韦曲南
苏州,2号线,山塘街
哈尔滨,2号线,南直路
杭州,1号线,近江
天津,2号线,建国道
郑州,2号线,北三环
南京,2号线,螺塘路
佛山,3号线,环市北
天津,2号线,东南角
武汉,2号线,佳园路
贵阳,2号线,诚信路
福州,2号线,金山
温州,S2线,东山
无锡,1号线,长广溪
南京,2号线,油坊桥
香港,港岛线,炮台山
成都,1号线(科学城-韦家碾),海昌路
厦门,2号线,马青路
济南,3号线,花园东路
常州,2号线,五星
宁波,2号线,鄞州大道
北京,1号线八通线,八里桥
昆明,1号线(环城南路-昆明南火车站),市级行政中心清风
徐州,2号线,市行政中心
香港,港岛线,北角
呼和浩特,2号线,大学西街
南昌,2号线,翠苑路
沈阳,2号线,世纪大厦
深圳,坪山云巴1号线,龙背
北京,1号线八通线,通州北苑
南宁,2号线,建设路
合肥,2号线,西七里塘
广州,2号线,南浦
大连,2号线,港湾广场
青岛,1号线,新港山路
石家庄,2号线,欧韵公园
长春,3号线,东广场
长沙,2号线,长沙大道
上海,2号线,唐镇
呼和浩特,2号线,诺和木勒
洛阳,2号线,龙门高铁站
重庆,2号线,李子坝
西安,2号线,航天城
苏州,2号线,石路
哈尔滨,2号线,东北农业大学
昆明,1号线(环城南路-昆明南火车站),宜和路
长沙,2号线,沙湾公园
杭州,1号线,婺江路
郑州,2号线,东风路
哈尔滨,2号线,气象台
无锡,1号线,雪浪
佛山,3号线,顺德人民医院
福州,2号线,金祥
武汉,2号线,光谷大道
石家庄,2号线,元村
贵阳,2号线,林城西路
天津,2号线,鼓楼
南京,2号线,雨润大街
洛阳,2号线,八里堂
福州,2号线,祥坂
常州,2号线,勤业
成都,1号线(科学城-韦家碾),华阳
厦门,2号线,海沧行政中心
宁波,2号线,石碶
济南,3号线,丁家庄
南昌,2号线,地铁大厦
香港,港岛线,鲗鱼涌
徐州,2号线,汉源大道
石家庄,2号线,石家庄站
大连,2号线,会议中心
南宁,2号线,石子塘
广州,2号线,洛溪
合肥,2号线,五里墩
深圳,坪山云巴1号线,自然博物馆西
沈阳,2号线,白塔河路
长春,3号线,长春站
北京,1号线八通线,果园
上海,2号线,广兰路
青岛,1号线,安子
呼和浩特,2号线,水上公园
重庆,2号线,佛图关
佛山,3号线,荔村
西安,2号线,凤栖原
上海,2号线,金科路
佛山,3号线,伦教
广州,2号线,南洲
苏州,2号线,广济南路
哈尔滨,3号线,北马路
昆明,1号线(环城南路-昆明南火车站),白龙潭
郑州,2号线,关虎屯
长沙,2号线,杜花路
重庆,2号线,大坪
南京,2号线,元通
青岛,1号线,天目山路
杭州,1号线,城站
广州,2号线,东晓南
天津,2号线,西南角
武汉,2号线,华中科技大学
无锡,1号线,葛埭桥
贵阳,2号线,观山西路
呼和浩特,2号线,五里营
合肥,2号线,三里庵
沈阳,2号线,全运路
呼和浩特,2号线,锡林公园
济南,3号线,礼耕路
贵阳,2号线,兴筑路
福州,2号线,宁化
深圳,坪山云巴1号线,未来城
徐州,2号线,新元大道
厦门,2号线,海沧商务中心
宁波,2号线,轻纺城
成都,1号线(科学城-韦家碾),四河
常州,2号线,怀德
香港,港岛线,太古
南宁,2号线,金象
石家庄,2号线,塔坛
大连,2号线,东港
南昌,2号线,雅苑路
贵阳,2号线,金阳医院
常州,2号线,南大街
长春,3号线,芙蓉桥
北京,1号线八通线,九棵树
合肥,2号线,安农大
西安,2号线,三爻
北京,1号线八通线,梨园
苏州,2号线,三香广场
佛山,3号线,广教
哈尔滨,3号线,中华巴洛克街区
天津,2号线,广开四马路
上海,2号线,张江高科
香港,港岛线,西湾河
南京,2号线,奥体东
重庆,2号线,袁家岗
青岛,1号线,薛家岛
广州,2号线,江泰路
长沙,2号线,长沙火车南站
昆明,1号线(环城南路-昆明南火车站),昆明南火车站
武汉,2号线,珞雄路
杭州,1号线,定安路
郑州,2号线,黄河路
无锡,1号线,南方泉
香港,港岛线,筲箕湾
杭州,1号线,龙翔桥
沈阳,2号线,沈本大街
深圳,坪山云巴1号线,燕子岭
济南,3号线,奥体中心
福州,2号线,西洋
厦门,2号线,海沧湾公园
徐州,2号线,新城区东
宁波,2号线,藕池
呼和浩特,2号线,内大南校区
南昌,2号线,红谷中大道
南宁,2号线,玉洞
石家庄,2号线,仓丰路留村
大连,2号线,东海
成都,1号线(科学城-韦家碾),华府大道
沈阳,2号线,沈中大街
贵阳,2号线,金阳南路
石家庄,2号线,南位
长春,3号线,西安桥
常州,2号线,文化宫
济南,3号线,龙奥大厦
西安,2号线,电视塔
合肥,2号线,三孝口
济南,3号线,孟家庄
北京,1号线八通线,临河里
上海,2号线,龙阳路
天津,2号线,长虹公园
苏州,2号线,劳动路
哈尔滨,3号线,清真寺
合肥,2号线,四牌楼
佛山,3号线,北滘公园
常州,2号线,红梅公园
大连,2号线,海之韵
佛山,3号线,高村
重庆,2号线,谢家湾
南宁,2号线,东风路
常州,2号线,五角场
武汉,2号线,光谷广场
沈阳,2号线,省博物馆
南京,2号线,兴隆大街
无锡,2号线,无锡东站
郑州,2号线,紫荆山
长沙,2号线,光达
广州,2号线,昌岗
青岛,1号线,丁家河
昆明,2号线,环城南路
香港,港岛线,杏花邨
深圳,坪山云巴1号线,综合保税区
昆明,2号线,塘子巷
杭州,1号线,凤起路
厦门,2号线,邮轮中心
福州,2号线,南门兜
宁波,2号线,客运中心
徐州,3号线,下淀
香港,港岛线,柴湾
南昌,2号线,阳明公园
呼和浩特,2号线,帅家营
深圳,坪山云巴1号线,中芯国际
深圳,坪山云巴1号线,坪山中心(云巴1号线)
呼和浩特,2号线,喇嘛营
石家庄,2号线,嘉华路
青岛,1号线,井冈山路
贵阳,2号线,茶园
成都,1号线(科学城-韦家碾),天府五街
长春,3号线,南昌路
徐州,3号线,白云山
济南,3号线,龙洞
西安,2号线,纬一街
郑州,2号线,东大街
北京,1号线八通线,土桥
哈尔滨,3号线,靖宇公园
苏州,2号线,胥江路
合肥,2号线,大东门
西安,2号线,小寨
天津,2号线,咸阳路
上海,2号线,世纪公园
北京,1号线八通线,花庄
佛山,3号线,北滘西站
沈阳,2号线,中央公园
南京,2号线,集庆门大街
大连,3号线,大连站
广州,2号线,江南西
南宁,2号线,玉岭路
长沙,3号线,山塘
石家庄,3号线,西三庄
常州,2号线,三角场
重庆,2号线,杨家坪
武汉,2号线,杨家湾
无锡,2号线,迎宾广场
长沙,3号线,洋湖湿地
香港,观塘线,黄埔
南昌,2号线,青山路口
上海,2号线,上海科技馆
昆明,2号线,东风广场
福州,2号线,水部
厦门,2号线,建业路
杭州,1号线,武林广场
宁波,2号线,丽园南路
长沙,3号线,洋湖新城
深圳,坪山云巴1号线,文化聚落
香港,观塘线,何文田
呼和浩特,2号线,阿尔山路
长沙,3号线,阳光
青岛,1号线,太行山路
贵阳,2号线,百花大道
成都,1号线(科学城-韦家碾),天府三街
合肥,2号线,三里街
长春,3号线,朝阳桥
青岛,1号线,石油大学
哈尔滨,3号线,太平桥
香港,观塘线,油麻地
苏州,2号线,桐泾公园
郑州,2号线,陇海东路
徐州,3号线,徐州火车站
佛山,3号线,潭洲会展
南宁,2号线,那福路
石家庄,3号线,高柱
南京,2号线,云锦路
广州,2号线,市二宫
沈阳,2号线,创新一路
大连,3号线,香炉礁
南昌,2号线,福州路
西安,2号线,体育场
天津,2号线,芥园西道
长沙,3号线,中南大学
北京,1号线八通线,环球度假区
西安,2号线,南稍门
重庆,2号线,动物园
武汉,2号线,虎泉
常州,2号线,紫云
无锡,2号线,映月湖公园
长沙,3号线,阜埠河
无锡,2号线,查桥
广州,2号线,海珠广场
深圳,坪山云巴1号线,站前路东
哈尔滨,3号线,大有坊街
佛山,3号线,岳步
石家庄,3号线,柏林庄
南昌,2号线,八一广场
合肥,2号线,东五里井
青岛,1号线,王家港
杭州,1号线,西湖文化广场
上海,2号线,世纪大道
南京,2号线,莫愁湖
昆明,2号线,交三桥
大连,3号线,金家街
苏州,2号线,友联
厦门,2号线,湖滨中路
香港,观塘线,旺角
郑州,2号线,二里岗
长沙,3号线,灵官渡
南宁,2号线,平良立交
宁波,2号线,云霞路
沈阳,2号线,综合保税区
福州,2号线,紫阳
北京,2号线,积水潭
广州,2号线,公园前
哈尔滨,3号线,市第二医院
贵阳,2号线,马王庙
广州,2号线,纪念堂
哈尔滨,3号线,海河东路
广州,2号线,越秀公园
成都,1号线(科学城-韦家碾),世纪城
长春,3号线,解放桥
天津,2号线,卞兴
徐州,3号线,天桥
哈尔滨,3号线,会展中心
沈阳,2号线,桃仙机场
大连,3号线,泉水
哈尔滨,3号线,湘江路
合肥,2号线,东七里
青岛,2号线,李村公园
天津,2号线,曹庄
郑州,2号线,南五里堡
南宁,2号线,坛泽
深圳,坪山云巴1号线,坪山高铁站
石家庄,3号线,市庄
香港,观塘线,太子
福州,2号线,五里亭
南昌,2号线,永叔路
长沙,3号线,侯家塘
广州,2号线,广州火车站
成都,1号线(科学城-韦家碾),锦城广场
苏州,2号线,盘蠡路
长春,3号线,湖西桥
徐州,3号线,和平大桥
佛山,3号线,大墩
南京,2号线,汉中门
重庆,2号线,大堰村
武汉,2号线,广埠屯
常州,2号线,青洋路
西安,2号线,永宁门
贵阳,2号线,北京西路
青岛,2号线,李村
宁波,2号线,宁波火车站
昆明,2号线,穿心鼓楼
厦门,2号线,体育中心
上海,2号线,东昌路
无锡,2号线,九里河公园
无锡,2号线,云林
南京,2号线,上海路
杭州,1号线,打铁关
南宁,3号线,科园大道
北京,2号线,鼓楼大街
西安,2号线,钟楼
南京,2号线,新街口
南宁,3号线,创业路
西安,2号线,北大街
北京,2号线,安定门
青岛,2号线,枣山路
北京,2号线,雍和宫
长沙,3号线,东塘
大连,3号线,后盐
哈尔滨,3号线,珠江路
广州,2号线,三元里
石家庄,3号线,市二中
沈阳,4号线,正新路
南昌,2号线,丁公路南
深圳,2号线/8号线,赤湾
香港,观塘线,石硖尾
郑州,2号线,花寨
合肥,2号线,漕冲
青岛,2号线,华楼山路
佛山,3号线,东平
苏州,2号线,新家桥
上海,2号线,陆家嘴
昆明,2号线,火车北站
福州,2号线,前屿
天津,3号线,小淀
宁波,2号线,城隍庙
哈尔滨,3号线,公滨路
徐州,3号线,淮塔
贵阳,2号线,改茶路
常州,2号线,丁堰
成都,1号线(科学城-韦家碾),孵化园
长春,3号线,宽平桥
重庆,2号线,马王场
武汉,2号线,街道口
厦门,2号线,育秀东路
上海,2号线,南京东路
常州,2号线,潞城
无锡,2号线,庄桥
成都,1号线(科学城-韦家碾),金融城
杭州,1号线,闸弄口
青岛,2号线,东韩
杭州,1号线,火车东站
南京,2号线,大行宫
无锡,2号线,东亭
南宁,3号线,安吉客运站
西安,2号线,安远门
南京,2号线,西安门
南京,2号线,明故宫
无锡,2号线,柏庄
厦门,2号线,吕厝
青岛,2号线,辽阳东路
武汉,2号线,宝通寺
广州,2号线,飞翔公园
佛山,3号线,湾华
深圳,2号线/8号线,蛇口港
哈尔滨,3号线,油坊街
南昌,2号线,南昌火车站
徐州,3号线,矿大文昌校区
昆明,2号线,白云路
成都,1号线(科学城-韦家碾),高新
上海,2号线,人民广场
南宁,3号线,北湖北路
大连,3号线,大连湾
香港,观塘线,九龙塘
贵阳,2号线,黔春路
石家庄,3号线,新百广场
常州,2号线,五一路
北京,2号线,东直门
郑州,2号线,南三环
福州,2号线,上洋
重庆,2号线,平安
长沙,3号线,桂花公园
苏州,2号线,石湖东路
沈阳,4号线,文官街
长春,3号线,抚松路
合肥,2号线,东二十埠
杭州,1号线,彭埠
天津,3号线,丰产河
宁波,2号线,鼓楼
南京,2号线,苜蓿园
沈阳,4号线,望花
南京,2号线,下马坊
杭州,1号线,七堡
南京,2号线,孝陵卫
沈阳,4号线,观泉路
南京,2号线,钟灵街
西安,2号线,龙首原
徐州,3号线,南三环路
南京,2号线,马群
广州,2号线,白云公园
深圳,2号线/8号线,海上世界
佛山,3号线,亚艺公园
南昌,2号线,顺外
哈尔滨,3号线,汽轮机厂
昆明,2号线,金星
青岛,2号线,同安路
无锡,2号线,广益
武汉,2号线,中南路
厦门,2号线,江头
沈阳,4号线,北大营
香港,观塘线,乐富
南宁,3号线,秀峰路
大连,3号线,金马路
长沙,3号线,阿弥岭
苏州,2号线,宝带桥南
郑州,2号线,站马屯
石家庄,3号线,东里
合肥,2号线,龙岗
北京,2号线,东四十条
天津,3号线,华北集团
青岛,2号线,苗岭路
贵阳,2号线,延安西路
上海,2号线,南京西路
成都,1号线(科学城-韦家碾),火车南站
长春,3号线,孟家屯
重庆,2号线,大渡口
宁波,2号线,外滩大桥
福州,2号线,鼓山
贵阳,2号线,紫林庵
北京,2号线,朝阳门
成都,1号线(科学城-韦家碾),桐梓林
杭州,1号线,九和路
北京,2号线,建国门
长春,3号线,湖光路
重庆,2号线,新山村
西安,2号线,大明宫西
合肥,2号线,王岗
福州,2号线,洋里
徐州,3号线,翟山
长春,3号线,电台街
武汉,2号线,洪山广场
无锡,2号线,靖海
昆明,2号线,北辰
厦门,2号线,后埔
徐州,3号线,师范大学
上海,2号线,静安寺
天津,3号线,天士力
厦门,2号线,蔡塘
贵阳,2号线,喷水池
宁波,2号线,正大路
天津,3号线,宜兴埠
南京,2号线,金马路
南昌,2号线,辛家庵
广州,2号线,白云文化广场
佛山,3号线,季华六路
深圳,2号线/8号线,水湾
哈尔滨,3号线,进乡街
长沙,3号线,朝阳村
南宁,3号线,邕武路
大连,3号线,开发区
沈阳,4号线,合作街
长春,3号线,前进西
香港,观塘线,黄大仙
哈尔滨,3号线,劳动公园
苏州,2号线,尹中路
石家庄,3号线,槐安桥
郑州,2号线,南四环
青岛,2号线,石老人浴场
香港,观塘线,钻石山
合肥,2号线,三十埠
西安,2号线,市图书馆
徐州,3号线,玉泉河
成都,1号线(科学城-韦家碾),倪家桥
重庆,2号线,天堂堡
北京,2号线,北京站
杭州,1号线,九堡
香港,观塘线,彩虹
福州,4号线,帝封江
无锡,2号线,上马墩
武汉,2号线,小龟山
昆明,2号线,霖雨桥
徐州,3号线,无名山公园
成都,1号线(科学城-韦家碾),省体育馆
武汉,2号线,螃蟹岬
上海,2号线,江苏路
厦门,2号线,古地石
成都,1号线(科学城-韦家碾),华西坝
贵阳,2号线,阳明祠
厦门,2号线,岭兜
南京,2号线,仙鹤门
深圳,2号线/8号线,东角头
佛山,3号线,镇安
广州,2号线,萧岗
天津,3号线,张兴庄
宁波,2号线,倪家堰
南昌,3号线,京东大道
沈阳,4号线,洮昌街
长沙,3号线,长沙火车站
南宁,3号线,大鸡村
大连,3号线,保税区
长春,3号线,前进大街
石家庄,3号线,西三教
郑州,3号线,省体育中心
哈尔滨,3号线,旭升街
苏州,2号线,郭巷
青岛,2号线,海安路
天津,3号线,铁东路
大连,3号线,双D港
合肥,2号线,三十埠东
宁波,2号线,压赛堰
西安,2号线,凤城五路
南宁,3号线,兴桂路
南宁,3号线,小鸡村
香港,观塘线,九龙湾
北京,2号线,崇文门
昆明,2号线,羊肠村
徐州,3号线,浦江路
杭州,1号线,客运中心
无锡,2号线,东林广场
重庆,2号线,建桥
福州,4号线,螺洲温泉
宁波,2号线,大通桥
长沙,3号线,烈士公园东
宁波,2号线,孔浦
武汉,2号线,积玉桥
上海,2号线,中山公园
长沙,3号线,丝茅冲
广州,2号线,江夏
深圳,2号线/8号线,湾厦
福州,4号线,城门
南京,2号线,学则路
贵阳,2号线,省人民医院
佛山,7号线,燕山
成都,1号线(科学城-韦家碾),锦江宾馆
厦门,2号线,软件园二期
长沙,3号线,四方坪
沈阳,4号线,沈阳大学
南昌,3号线,梁万
长春,3号线,卫明街
厦门,2号线,何厝
郑州,3号线,王砦
青岛,2号线,海川路
哈尔滨,3号线,肿瘤医院
天津,3号线,北站
石家庄,3号线,石家庄站
苏州,2号线,郭苑路
大连,3号线,小窑湾
长春,3号线,卫光街
天津,3号线,中山路
合肥,2号线,祥和
西安,2号线,行政中心
长春,3号线,卫星广场
西安,2号线,凤城十路
南宁,3号线,东沟岭
香港,观塘线,牛头角
无锡,2号线,三阳广场
杭州,1号线,乔司南
徐州,3号线,焦山
长沙,3号线,雅雀湖
重庆,2号线,金家湾
昆明,2号线,司家营
北京,2号线,前门
杭州,1号线,乔司
上海,2号线,娄山关路
武汉,2号线,江汉路
宁波,2号线,路林
长沙,3号线,长沙大学
广州,2号线,黄边
深圳,2号线/8号线,海月
佛山,7号线,水西
宁波,2号线,三官堂
贵阳,2号线,宝山南路
成都,1号线(科学城-韦家碾),天府广场
福州,4号线,林浦
南京,2号线,仙林中心
沈阳,4号线,沈阳北站
南昌,3号线,火炬广场
武汉,2号线,循礼门
石家庄,3号线,汇通路
苏州,2号线,尹山湖
青岛,2号线,海游路
郑州,3号线,兴隆铺
哈尔滨,3号线,征仪路
厦门,2号线,观音山
南昌,3号线,国威路
大连,3号线,金石滩
石家庄,3号线,孙村
合肥,2号线,桂王
天津,3号线,金狮桥
大连,5号线,后关
长春,3号线,亚泰立交桥
香港,观塘线,观塘
南宁,3号线,长堽路
天津,3号线,天津站
徐州,3号线,钱江路
无锡,2号线,五爱广场
西安,2号线,北苑
大连,5号线,后盐
苏州,2号线,独墅湖南
大连,5号线,龙华路
香港,观塘线,蓝田
沈阳,4号线,皇寺路
重庆,2号线,刘家坝
昆明,2号线,龙头街
北京,2号线,和平门
长沙,3号线,月湖公园北
杭州,1号线,翁梅
上海,2号线,威宁路
佛山,7号线,萝岗
北京,2号线,宣武门
深圳,2号线/8号线,登良
广州,2号线,嘉禾望岗
长沙,3号线,湘龙
宁波,2号线,宁波大学
贵阳,2号线,油榨街
南京,2号线,羊山公园
天津,3号线,津湾广场
成都,1号线(科学城-韦家碾),骡马市
福州,4号线,会展中心
青岛,2号线,麦岛
哈尔滨,3号线,医大二院
郑州,3号线,同乐
天津,3号线,和平路
南昌,3号线,青山湖西
厦门,2号线,东宅
武汉,2号线,中山公园
郑州,3号线,南阳新村
合肥,2号线,对河
石家庄,3号线,塔冢
郑州,3号线,海滩寺
南宁,3号线,东葛路
福州,4号线,花海公园
长春,3号线,伊通河
西安,2号线,西安北站
南昌,3号线,上沙沟
无锡,2号线,梁溪大桥
徐州,3号线,高新区南
沈阳,4号线,市府大路
长春,3号线,职业学院
香港,观塘线,油塘
昆明,2号线,北部汽车站
苏州,2号线,独墅湖邻里中心
重庆,2号线,白居寺
大连,5号线,泉水东
南京,2号线,南大仙林校区
杭州,1号线,临平南高铁站
上海,2号线,北新泾
深圳,2号线/8号线,后海
佛山,7号线,科丰路
广州,3号线,番禺广场
重庆,2号线,大江
北京,2号线,长椿街
上海,2号线,淞虹路
长沙,3号线,星沙
贵阳,2号线,贵钢
宁波,2号线,清水浦
广州,3号线,市桥
青岛,2号线,高雄路
哈尔滨,3号线,哈西大街
成都,1号线(科学城-韦家碾),文殊院
长沙,3号线,松雅湖(南)
厦门,2号线,两岸金融中心
天津,3号线,营口道
武汉,2号线,青年路
哈尔滨,3号线,凯盛源广场
合肥,2号线,店埠河
石家庄,3号线,东王
郑州,3号线,大石桥
厦门,2号线,五通
南宁,3号线,滨湖路
合肥,2号线,排头
福州,4号线,鳌峰洲
郑州,3号线,人民公园
南昌,3号线,青山路口
西安,2号线,红会医院北区
无锡,2号线,大王基
合肥,2号线,肥东站
沈阳,4号线,太原街
长春,3号线,吉林广电
大连,5号线,中华东路
香港,观塘线,调景岭
苏州,2号线,月亮湾
昆明,3号线,西山公园
南昌,3号线,墩子塘
杭州,1号线,南苑
南京,2号线,经天路
深圳,2号线/8号线,科苑
长春,3号线,会展中心
北京,2号线,复兴门
重庆,2号线,鱼洞
佛山,7号线,加庄
南京,S3号线(宁和线),高家冲
上海,2号线,虹桥2号航站楼
贵阳,2号线,富源北路
宁波,2号线,五里牌
佛山,7号线,姬堂
广州,3号线,汉溪长隆
青岛,2号线,燕儿岛路
佛山,7号线,大沙东
武汉,2号线,王家墩东
长沙,3号线,星沙文体中心
成都,1号线(科学城-韦家碾),人民北路
天津,3号线,西康路
昆明,3号线,车家壁
石家庄,3号线,南王
哈尔滨,3号线,哈尔滨西站
武汉,2号线,范湖
厦门,2号线,湿地公园
哈尔滨,3号线,城乡路
南宁,3号线,金湖广场
福州,4号线,光明港
长沙,3号线,螺丝塘
郑州,3号线,二七广场
西安,2号线,草滩
无锡,2号线,河埒口
南宁,3号线,埌西
沈阳,4号线,南五马路
大连,5号线,甘北路
合肥,2号线,和睦湖
苏州,2号线,松涛街
香港,机场快线,香港
南宁,3号线,青竹立交
南昌,3号线,八一馆
杭州,绍兴1号线,姑娘桥
香港,机场快线,九龙
长春,3号线,世纪广场
重庆,3号线,鱼洞
北京,2号线,阜成门
深圳,2号线/8号线,红树湾
无锡,2号线,小桃源
上海,2号线,虹桥火车站
贵阳,2号线,森林公园
宁波,2号线,枫园
南京,S3号线(宁和线),林山
北京,2号线,车公庄
广州,3号线,大石
青岛,2号线,浮山所
宁波,2号线,聪园路
佛山,7号线,裕丰围
重庆,3号线,金竹
石家庄,3号线,位同
昆明,3号线,普坪村
成都,1号线(科学城-韦家碾),火车北站
天津,3号线,吴家窑
佛山,7号线,长洲
武汉,2号线,汉口火车站
厦门,2号线,钟宅
石家庄,3号线,东二环南路
哈尔滨,3号线,工农大街
佛山,7号线,深井
郑州,3号线,西大街
长沙,3号线,广生
福州,4号线,前屿
西安,3号线,鱼化寨
哈尔滨,3号线,医大一院群力院区
沈阳,4号线,砂阳
苏州,2号线,金谷路
合肥,2号线,马桥
大连,5号线,甘井子街
南昌,3号线,六眼井
西安,3号线,丈八北路
南宁,3号线,青秀山
杭州,绍兴1号线,衙前
大连,5号线,梭鱼湾
长春,3号线,金鑫街
香港,机场快线,青衣
深圳,2号线/8号线,世界之窗
南京,S3号线(宁和线),桥林新城
杭州,绍兴1号线,杨汛桥
上海,2号线,徐泾东
贵阳,2号线,见龙洞
无锡,2号线,荣巷
长春,3号线,博硕路
广州,3号线,厦滘
北京,2号线,西直门
青岛,2号线,五四广场
南京,S3号线(宁和线),石碛河
宁波,2号线,招宝山
昆明,3号线,石咀
重庆,3号线,鱼胡路
佛山,7号线,大学城南
厦门,2号线,五缘湾
成都,1号线(科学城-韦家碾),升仙湖
武汉,2号线,长港路
天津,3号线,天塔
重庆,3号线,学堂湾
石家庄,3号线,西仰陵
福州,4号线,后屿
厦门,3号线,厦门火车站
郑州,3号线,东大街
长沙,4号线,罐子岭
天津,3号线,周邓纪念馆
哈尔滨,3号线,群力第五大道
合肥,2号线,南沙河
苏州,2号线,金尚路
沈阳,4号线,南京桥
郑州,3号线,郑州文庙
南昌,3号线,绳金塔
南宁,3号线,市博物馆
西安,3号线,延平门
石家庄,3号线,中仰陵
深圳,2号线/8号线,侨城北
香港,机场快线,机场
大连,5号线,梭鱼湾南
西安,3号线,科技路
上海,3号线,江杨北路
无锡,2号线,梅园开原寺
贵阳,2号线,龙洞堡机场
杭州,绍兴1号线,前梅
大连,5号线,大连站
广州,3号线,沥滘
北京,4号线大兴线,天宫院
长春,3号线,金河街
青岛,2号线,芝泉路
南京,S3号线(宁和线),双垅
贵阳,2号线,小碧
宁波,2号线,红联
青岛,2号线,海信桥
昆明,3号线,大渔路
南京,S3号线(宁和线),兰花塘
佛山,7号线,板桥
贵阳,2号线,云盘
武汉,2号线,常青花园
成都,1号线(科学城-韦家碾),韦家碾
重庆,3号线,大山村
佛山,7号线,员岗
长沙,4号线,月亮岛西
厦门,3号线,湖滨东路
福州,4号线,横屿
长春,3号线,农博园
天津,3号线,红旗南路
合肥,2号线,撮镇
沈阳,4号线,长白岛
哈尔滨,3号线,体育公园
苏州,2号线,桑田岛
厦门,3号线,体育中心
郑州,3号线,博览中心
南昌,3号线,十字街
南宁,3号线,总部基地
天津,3号线,王顶堤
深圳,2号线/8号线,深康
香港,机场快线,博览馆
石家庄,3号线,南豆
厦门,3号线,人才中心
上海,3号线,铁力路
无锡,3号线,苏庙
杭州,绍兴1号线,钱清
西安,3号线,太白南路
厦门,3号线,湖里公园
大连,5号线,青泥洼桥
广州,3号线,大塘
北京,4号线大兴线,生物医药基地
南宁,3号线,广西规划馆
宁波,3号线,大通桥
青岛,2号线,台东
昆明,3号线,西部汽车站
南昌,3号线,京家山
南京,S3号线(宁和线),马骡圩
武汉,2号线,金银潭
贵阳,2号线,中兴路
成都,2号线,犀浦
福州,4号线,竹屿
重庆,3号线,花溪
昆明,3号线,眠山
佛山,7号线,南村万博
长沙,4号线,湘江新城
武汉,2号线,常青城
沈阳,4号线,长白南
长春,3号线,净月潭公园
苏州,3号线,葑亭大道
合肥,3号线,省儿童医院新区
昆明,3号线,昌源中路
郑州,3号线,凤凰台
长春,3号线,紫杉路
石家庄,3号线,太行南大街
深圳,2号线/8号线,安托山
香港,将军澳线(北角-康城),康城
天津,3号线,华苑
昆明,3号线,西苑
西安,3号线,吉祥村
杭州,绍兴1号线,西沙路
无锡,3号线,钱桥
上海,3号线,友谊路
深圳,2号线/8号线,侨香
广州,3号线,客村
大连,5号线,劳动公园
厦门,3号线,华荣路
北京,4号线大兴线,义和庄
西安,3号线,小寨
宁波,3号线,中兴大桥南
南宁,3号线,庆歌路
大连,5号线,石葵路
青岛,2号线,利津路
宁波,3号线,明楼
南昌,3号线,江铃
南京,S3号线(宁和线),刘村
广州,3号线,广州塔
贵阳,3号线,洛湾
昆明,3号线,梁家河
福州,4号线,三角池
重庆,3号线,岔路口
成都,2号线,天河路
佛山,7号线,汉溪长隆
长沙,4号线,汉王陵公园
贵阳,3号线,东风(贵黔医院)
苏州,3号线,双马街
合肥,3号线,乐平
沈阳,4号线,金仓路
武汉,2号线,宏图大道
贵阳,3号线,师范学院
郑州,3号线,东十里铺
长春,3号线,宝相街
石家庄,3号线,乐乡
武汉,2号线,盘龙城
香港,将军澳线(北角-康城),将军澳
杭州,绍兴1号线,临杭大道
重庆,3号线,九公里
上海,3号线,宝杨路
天津,3号线,大学城
无锡,3号线,龙山梢
深圳,2号线/8号线,香蜜
武汉,2号线,巨龙大道
北京,4号线大兴线,黄村火车站
厦门,3号线,火炬园
苏州,3号线,丰和路
西安,3号线,大雁塔
南宁,3号线,五象湖
深圳,2号线/8号线,香梅北
大连,5号线,青云街
青岛,2号线,泰山路
西安,3号线,北池头
宁波,3号线,体育馆
南昌,3号线,施尧
南京,S3号线(宁和线),天保
厦门,3号线,小东山
广州,3号线,珠江新城
成都,2号线,百草路
南宁,3号线,平良立交
福州,4号线,东门
昆明,3号线,市体育馆
佛山,7号线,钟村
长沙,4号线,福元大桥西
合肥,3号线,芮祠
厦门,3号线,安兜
沈阳,4号线,云杉路
佛山,7号线,谢村
贵阳,3号线,高新路
郑州,3号线,通泰路
佛山,7号线,石壁
长春,3号线,滑雪场
郑州,3号线,西周
佛山,7号线,广州南站
香港,将军澳线(北角-康城),调景岭
杭州,绍兴1号线,鉴水路
上海,3号线,水产路
无锡,3号线,石门路
天津,3号线,高新区
武汉,2号线,宋家岗
重庆,3号线,麒龙
北京,4号线大兴线,黄村西大街
南昌,3号线,八大山人
苏州,3号线,方湾街
长春,3号线,长影世纪城
深圳,2号线/8号线,景田
大连,5号线,桃源
青岛,3号线,青岛北站
苏州,3号线,苏州园区火车站
西安,3号线,青龙寺
南京,S3号线(宁和线),高庙路
广州,3号线,体育西路
宁波,3号线,樱花公园
长沙,4号线,茶子山
香港,将军澳线(北角-康城),油塘
南宁,4号线,洪运路
成都,2号线,金周路
福州,4号线,省立医院
昆明,3号线,潘家湾
厦门,3号线,坂尚
合肥,3号线,四十埠
沈阳,4号线,红椿路
广州,3号线,石牌桥
长沙,4号线,观沙岭
贵阳,3号线,新添
厦门,3号线,湖里创新园
郑州,3号线,东周
贵阳,3号线,顺海
沈阳,4号线,城建学院
佛山,7号线,大洲
上海,3号线,淞滨路
北京,4号线大兴线,清源路
无锡,3号线,盛岸
贵阳,3号线,茶店
杭州,绍兴1号线,越州大道
武汉,2号线,航空总部
重庆,3号线,八公里
天津,3号线,学府工业区
南昌,3号线,邓埠
青岛,3号线,永平路
长春,4号线,天新路
大连,5号线,秀月街
郑州,3号线,省骨科医院
深圳,2号线/8号线,莲花西
天津,3号线,杨伍庄
南京,S3号线(宁和线),吴侯街
西安,3号线,延兴门
苏州,3号线,跨塘
深圳,2号线/8号线,福田
宁波,3号线,儿童公园
重庆,3号线,重庆交通大学
宁波,3号线,仇毕
香港,将军澳线(北角-康城),鲗鱼涌
合肥,3号线,李湾
成都,2号线,金科北路
广州,3号线,岗顶
福州,4号线,东街口
南宁,4号线,那历村
昆明,3号线,五一路
长沙,4号线,六沟垅
重庆,3号线,六公里
深圳,2号线/8号线,市民中心
厦门,3号线,五缘湾
南宁,4号线,那洪立交
大连,5号线,虎滩公园
沈阳,4号线,沈阳南站
佛山,7号线,陈村北
南宁,4号线,金阳路
武汉,2号线,天河机场
北京,4号线大兴线,枣园
南昌,3号线,复兴大道东
贵阳,3号线,大营坡
无锡,3号线,吴桥
杭州,绍兴1号线,中国轻纺城
郑州,3号线,圃田西
青岛,3号线,振华路
长春,4号线,前十里堡
上海,3号线,张华浜
南昌,3号线,沥山
西安,3号线,咸宁路
天津,3号线,南站
苏州,3号线,唐庄
南京,S3号线(宁和线),平良大街
上海,3号线,淞发路
南京,S3号线(宁和线),永初路
长春,4号线,天普路
宁波,3号线,钱湖北路
上海,3号线,长江南路
成都,2号线,迎宾大道
重庆,3号线,重庆工商大学
福州,4号线,西门
昆明,3号线,东风广场
香港,将军澳线(北角-康城),北角
长沙,4号线,望月湖
合肥,3号线,凉亭
广州,3号线,华师
上海,3号线,殷高西路
厦门,3号线,国际博览中心
深圳,2号线/8号线,岗厦北
昆明,3号线,拓东体育馆
昆明,3号线,大树营
大连,5号线,虎滩新区
沈阳,4号线,创新路
佛山,7号线,陈村
福州,4号线,陆庄
北京,4号线大兴线,高米店南
杭州,绍兴1号线,明珠广场
贵阳,3号线,贵医
武汉,3号线,沌阳大道
无锡,3号线,北栅口
南宁,4号线,通源路
杭州,绍兴1号线,瓜渚湖
厦门,3号线,东界
无锡,3号线,无锡火车站
天津,4号线,东南角
西安,3号线,长乐公园
青岛,3号线,君峰路
杭州,绍兴1号线,镜水路
郑州,3号线,营岗
天津,4号线,金街
南昌,3号线,柏岗
苏州,3号线,倪浜
杭州,绍兴1号线,黄酒小镇
长春,4号线,天青路
宁波,3号线,锦寓路
天津,4号线,和平路
重庆,3号线,四公里
南京,S3号线(宁和线),油坊桥
成都,2号线,茶店子客运站
宁波,3号线,四明中路
上海,3号线,江湾镇
南京,S3号线(宁和线),贾西
广州,3号线,五山
上海,3号线,大柏树
南昌,3号线,斗门
昆明,3号线,金马寺
深圳,2号线/8号线,华强北
贵阳,3号线,北京路
武汉,3号线,东风公司
北京,4号线大兴线,高米店北
合肥,3号线,安医一附院南区
福州,4号线,凤凰池
香港,将军澳线(寶琳-北角),北角
长沙,4号线,溁湾镇
厦门,3号线,洪坑
上海,3号线,赤峰路
大连,12号线,河口
佛山,7号线,锦龙
福州,5号线,荆溪厚屿
无锡,3号线,广瑞
西安,3号线,通化门
沈阳,9号线,怒江公园
香港,将军澳线(寶琳-北角),鲗鱼涌
南宁,4号线,大沙田
青岛,3号线,李村
郑州,3号线,潮河
西安,3号线,胡家庙
杭州,绍兴1号线,张墅
长春,4号线,福祉大路
苏州,3号线,烟雨桥
杭州,绍兴1号线,奥体中心
天津,4号线,徐州道
成都,2号线,羊犀立交
重庆,3号线,南坪
杭州,绍兴1号线,梅山广场
宁波,3号线,鄞州区政府
杭州,绍兴1号线,凤林
南京,S3号线(宁和线),春江路
南宁,4号线,金象大道
广州,3号线,天河客运站
深圳,2号线/8号线,燕南
南昌,3号线,银三角北
昆明,3号线,太平村
南宁,4号线,五象岭
贵阳,3号线,黔灵山公园
武汉,3号线,体育中心
北京,4号线大兴线,西红门
合肥,3号线,幸福坝
南宁,4号线,玉象路
南宁,4号线,总部基地
佛山,7号线,南涌
长沙,4号线,湖南师大
大连,12号线,蔡大岭
沈阳,9号线,淮河街沈医二院
上海,3号线,虹口足球场
福州,5号线,农林大学
厦门,3号线,林前
无锡,3号线,靖海
香港,将军澳线(寶琳-北角),油塘
昆明,3号线,虹桥
西安,3号线,石家街
沈阳,9号线,皇姑屯站
长春,4号线,天工路
青岛,3号线,万年泉路
郑州,3号线,滨河新城
西安,3号线,辛家庙
成都,2号线,一品天下
天津,4号线,六纬路
重庆,3号线,工贸
苏州,3号线,东方之门
宁波,3号线,南部商务区
郑州,3号线,司赵
重庆,3号线,铜元局
杭州,绍兴1号线,大滩
重庆,3号线,两路口
南京,S3号线(宁和线),铁心桥
重庆,3号线,牛角沱
贵阳,3号线,延安西路
武汉,3号线,三角湖
北京,4号线大兴线,新宫
重庆,3号线,华新街
广州,3号线(北延段),机场北(2号航站楼)
北京,4号线大兴线,公益西桥
南昌,4号线,白马山
福州,5号线,洪塘
上海,3号线,东宝兴路
无锡,3号线,东风
厦门,3号线,鼓锣
合肥,3号线,安大磬苑校区
深圳,2号线/8号线,大剧院
上海,3号线,宝山路
昆明,3号线,东部汽车站
上海,3号线,上海火车站
长春,4号线,宜盛街
南宁,4号线,飞龙路
佛山,7号线,美的
长沙,4号线,湖南大学
大连,12号线,黄泥川
昆明,4号线,金川路
西安,3号线,广泰门
天津,4号线,成林道
成都,2号线,蜀汉路东
昆明,4号线,大河埂
宁波,3号线,鄞州客运总站
香港,将军澳线(寶琳-北角),调景岭
成都,2号线,白果林
青岛,3号线,海尔路
杭州,绍兴1号线,火车站
沈阳,9号线,重型文化广场
苏州,3号线,李公堤西
天津,4号线,泰昌路
贵阳,3号线,松花路
武汉,3号线,汉阳客运站
成都,2号线,中医大省医院
重庆,3号线,观音桥
郑州,3号线,滨河新城南
成都,2号线,通惠门
北京,4号线大兴线,角门西
福州,5号线,阵坂
无锡,3号线,叙丰
厦门,3号线,翔安市民公园
南京,S3号线(宁和线),景明佳园
重庆,3号线,红旗河沟
广州,3号线(北延段),机场南(1号航站楼)
深圳,2号线/8号线,湖贝
长春,4号线,南环城路
上海,3号线,中潭路
重庆,3号线,嘉州路
合肥,3号线,工大翡翠湖校区
南昌,4号线,裕丰街
武汉,3号线,四新大道
西安,3号线,桃花潭
大连,12号线,龙王塘
佛山,7号线,北滘公园
昆明,4号线,海屯路
长沙,4号线,阜埠河
南京,S3号线(宁和线),南京南站
南宁,4号线,体育中心西
宁波,3号线,句章路
深圳,2号线/8号线,黄贝岭
宁波,3号线,高塘桥
杭州,绍兴1号线,城市广场
青岛,3号线,地铁大厦
沈阳,9号线,北二路
宁波,3号线,姜山
香港,将军澳线(寶琳-北角),将军澳
天津,4号线,万东路
苏州,3号线,金厍桥
贵阳,3号线,花果园
青岛,3号线,长沙路
郑州,4号线,老鸦陈
宁波,3号线,狮山
北京,4号线大兴线,马家堡
成都,2号线,人民公园
福州,5号线,马榕
厦门,3号线,浦边
无锡,3号线,太湖花园
天津,4号线,沙柳南路
厦门,3号线,后村
广州,3号线(北延段),高增
杭州,绍兴1号线,鲁迅故里
长春,4号线,世荣路
南昌,4号线,璜溪
合肥,3号线,大学城北
上海,3号线,镇坪路
重庆,3号线,郑家院子
厦门,3号线,蔡厝
武汉,3号线,陶家岭
西安,3号线,浐灞中心
上海,3号线,曹杨路
南宁,4号线,体育中心东
佛山,7号线,美的大道
南京,3号线,秣周东路
昆明,4号线,小屯
长沙,4号线,碧沙湖
大连,12号线,塔河湾
西安,3号线,香湖湾
深圳,2号线/8号线,新秀
南京,3号线,东大九龙湖校区
沈阳,9号线,铁西广场
西安,3号线,务庄
南京,3号线,诚信大道
香港,将军澳线(寶琳-北角),坑口
南京,3号线,九龙湖
贵阳,3号线,五里冲
成都,2号线,天府广场
宁波,3号线,明辉路
福州,5号线,金山
无锡,3号线,新光路
北京,4号线大兴线,北京南站
郑州,4号线,省体育中心
青岛,3号线,双山
苏州,3号线,东振路
西安,3号线,国际港务区
天津,4号线,登州南路
郑州,4号线,北二十里铺
广州,3号线(北延段),人和
重庆,3号线,唐家院子
天津,4号线,跃进北路
杭州,绍兴1号线,城南大道
合肥,3号线,繁华大道
南昌,4号线,中堡
长春,4号线,职业学院
武汉,3号线,龙阳村
广州,3号线(北延段),龙归
上海,3号线,金沙江路
合肥,3号线,安医大二附院
昆明,4号线,金鼎山北路
大连,12号线,旅顺
长沙,4号线,黄土岭
佛山,广佛线,新城东
南宁,4号线,良庆大桥南
南京,3号线,天元西路
深圳,2号线/8号线,莲塘口岸
沈阳,9号线,兴华公园
昆明,4号线,苏家塘
南京,3号线,胜太西路
沈阳,9号线,沈辽路
郑州,4号线,丰庆路
贵阳,3号线,太慈桥
成都,2号线,春熙路
青岛,3号线,清江路
福州,5号线,凤岗里
苏州,3号线,墅浦路北
香港,将军澳线(寶琳-北角),宝琳
北京,4号线大兴线,陶然亭
无锡,3号线,旺庄路
宁波,3号线,朝阳
昆明,4号线,小菜园
西安,3号线,双寨
西安,3号线,新筑
南昌,4号线,礼庄山
贵阳,3号线,皂角井
苏州,3号线,通园路南
重庆,3号线,狮子坪
长春,4号线,北海路
杭州,绍兴1号线,凤凰山
广州,3号线(北延段),嘉禾望岗
天津,4号线,航双路
贵阳,3号线,四方河(省中医院)
合肥,3号线,省博物院
佛山,广佛线,东平
大连,12号线,铁山
长沙,4号线,砂子塘
南宁,4号线,良庆圩
武汉,3号线,王家湾
贵阳,3号线,甘荫塘
深圳,2号线/8号线,仙湖路
上海,3号线,中山公园
南宁,4号线,楞塘村
南宁,5号线,国凯大道
深圳,2号线/8号线,莲塘
贵阳,3号线,中曹司
佛山,广佛线,世纪莲
合肥,3号线,图书馆
大连,12号线,旅顺新港
长沙,4号线,赤岗岭
武汉,3号线,宗关
南京,3号线,宏运大道
沈阳,9号线,滑翔
南昌,4号线,西站南广场
贵阳,3号线,十里河滩
郑州,4号线,张家村
青岛,3号线,错埠岭
香港,南港岛线,金钟
重庆,3号线,重庆北站南广场
福州,5号线,浦上大道
成都,2号线,东门大桥
青岛,3号线,敦化路
北京,4号线大兴线,菜市口
无锡,3号线,黄山路
宁波,3号线,方桥
昆明,4号线,火车北站
成都,2号线,牛王庙
西安,3号线,保税区
苏州,3号线,北港路
广州,3号线(北延段),白云大道北
昆明,4号线,白龙路
杭州,绍兴1号线,劳家葑
天津,4号线,民航大学
长春,4号线,威海路
香港,南港岛线,海洋公园
苏州,3号线,迎春路
南昌,4号线,怀玉山大道
昆明,4号线,大树营
沈阳,9号线,吉力湖街
成都,2号线,牛市口
西安,4号线,西安北站
上海,3号线,延安西路
南宁,5号线,那洪立交
合肥,3号线,合肥大剧院
南宁,5号线,金凯路
大连,13号线,普兰店振兴街
佛山,广佛线,澜石
深圳,2号线/8号线,梧桐山南
南京,3号线,南京南站
长沙,4号线,树木岭
武汉,3号线,双墩
合肥,3号线,市政务中心
合肥,3号线,洪岗
郑州,4号线,陈寨东
贵阳,3号线,孔学堂
南宁,5号线,江南公园
福州,5号线,霞镜
重庆,3号线,龙头寺
南宁,5号线,周家坡
青岛,3号线,宁夏路
宁波,3号线,琎琳
无锡,3号线,高浪东路
北京,4号线大兴线,宣武门
南宁,5号线,五一立交
青岛,3号线,江西路
重庆,3号线,童家院子
福州,5号线,东岭
广州,3号线(北延段),永泰
杭州,绍兴1号线,南池
长春,4号线,浦东路
天津,4号线,新兴村
南宁,5号线,新秀公园
香港,南港岛线,黄竹坑
西安,4号线,元朔路
昆明,4号线,菊花村
苏州,3号线,宝带路
广州,3号线(北延段),同和
南昌,4号线,安丰
上海,3号线,虹桥路
沈阳,9号线,大通湖街
成都,2号线,东大路
重庆,3号线,金渝
广州,3号线(北延段),京溪南方医院
武汉,3号线,武汉商务区
大连,13号线,普兰店开发区
南京,3号线,明发广场
佛山,广佛线,魁奇路
长沙,4号线,圭塘
深圳,2号线/8号线,沙头角
重庆,3号线,金童路
贵阳,3号线,贵州大学
福州,5号线,台屿
香港,南港岛线,利东
宁波,3号线,南渡
深圳,2号线/8号线,海山
南宁,5号线,广西大学
青岛,3号线,五四广场
广州,3号线(北延段),梅花园
合肥,3号线,国防科技大学
郑州,4号线,沙门
无锡,3号线,周泾巷
重庆,3号线,鸳鸯
北京,4号线大兴线,西单
武汉,3号线,云飞路
杭州,绍兴1号线,栖湖
长春,4号线,海口路
郑州,4号线,杨君刘
天津,5号线,李七庄南
无锡,3号线,无锡新区站
郑州,4号线,森林公园北
苏州,3号线,盘蠡路
南昌,4号线,东新
沈阳,9号线,曹仲
成都,2号线,塔子山公园
西安,4号线,凤城十二路
昆明,4号线,菊华
上海,3号线,宜山路
郑州,4号线,清华附中
长沙,4号线,沙湾公园
佛山,广佛线,季华园
西安,4号线,凤城九路
南京,3号线,大明路
大连,13号线,海湾高中
昆明,4号线,和甸营
香港,南港岛线,海怡半岛
广州,3号线(北延段),燕塘
南宁,5号线,秀灵路
青岛,3号线,延安三路
合肥,3号线,西七里塘
深圳,2号线/8号线,盐田港西
福州,5号线,盘屿
贵阳,3号线,花溪公园
宁波,3号线,大成东路
大连,13号线,大医三院
深圳,2号线/8号线,深外高中
重庆,3号线,园博园
北京,4号线大兴线,灵境胡同
深圳,2号线/8号线,盐田路
武汉,3号线,范湖
合肥,3号线,南新庄
杭州,绍兴1号线,芳泉
天津,5号线,中医一附院
长春,4号线,公平路
西安,4号线,文景路
无锡,3号线,长江南路
长春,4号线,吉林大路
苏州,3号线,新郭
南昌,4号线,新洪城大市场
沈阳,9号线,浑河站
成都,2号线,成都东客站
上海,3号线,漕溪路
长春,4号线,东新路
郑州,4号线,龙湖中环北
沈阳,9号线,胜利南街
长沙,4号线,粟塘
佛山,广佛线,同济路
南京,3号线,卡子门
郑州,4号线,龙湖北
郑州,4号线,金融岛北
福州,5号线,吴山
广州,3号线(北延段),广州东站
南宁,5号线,明秀路
贵阳,3号线,学士路
香港,屯马线,屯门
宁波,3号线,金海路
昆明,4号线,牛街庄
青岛,3号线,太平角公园
大连,13号线,长店堡
苏州,3号线,石湖北
青岛,3号线,中山公园
重庆,3号线,翠云
北京,4号线大兴线,西四
苏州,3号线,横塘
深圳,2号线/8号线,鸿安围
武汉,3号线,菱角湖
昆明,4号线,朱家村
合肥,3号线,合肥西站
杭州,2号线,朝阳
天津,5号线,昌凌路
西安,4号线,行政中心
无锡,3号线,硕放机场
昆明,4号线,羊甫头
天津,5号线,凌宾路
南昌,4号线,丁家洲
成都,2号线,成渝立交
上海,3号线,龙漕路
昆明,4号线,玉缘路
长春,4号线,东大桥
佛山,广佛线,祖庙
南京,3号线,雨花门
沈阳,9号线,长白南
长沙,4号线,平阳
上海,3号线,石龙路
深圳,2号线/8号线,盐田墟
长沙,4号线,长沙火车南站
香港,屯马线,兆康
南宁,5号线,北湖南路
广州,3号线(北延段),林和西
郑州,4号线,金融岛南
宁波,4号线,慈城
贵阳,3号线,明珠大道
福州,5号线,盖山竹榄
深圳,2号线/8号线,大梅沙
大连,13号线,石河北海
青岛,3号线,汇泉广场
广州,3号线(北延段),体育西路
北京,4号线大兴线,平安里
重庆,3号线,长福路
大连,13号线,普湾体育场
苏州,3号线,横山
武汉,3号线,香港路
青岛,3号线,人民会堂
合肥,3号线,杏花村
杭州,2号线,曹家桥
青岛,3号线,青岛站
西安,4号线,市中医医院
无锡,4号线,刘潭
青岛,4号线,人民会堂
南昌,4号线,观洲
成都,2号线,惠王陵
天津,5号线,体育中心
青岛,4号线,信号山(青大附院)
长春,4号线,伪满皇宫
昆明,4号线,广卫
天津,5号线,肿瘤医院
上海,3号线,上海南站
佛山,广佛线,普君北路
南京,3号线,武定门
沈阳,9号线,榆树台
昆明,4号线,塔密
昆明,4号线,斗南
长沙,4号线,光达
福州,5号线,义序
宁波,4号线,官山河
郑州,4号线,龙湖南
南宁,5号线,虎邱
香港,屯马线,天水围
贵阳,3号线,花溪南站
深圳,2号线/8号线,小梅沙
青岛,4号线,观象山(市立医院)
广州,4号线,黄村
重庆,3号线,回兴
长沙,4号线,杜家坪
北京,4号线大兴线,新街口
无锡,4号线,广石路
苏州,3号线,索山桥西
武汉,3号线,惠济二路
大连,13号线,石河黄旗
合肥,3号线,四泉桥
杭州,2号线,潘水
重庆,3号线,双龙
西安,4号线,常青路
武汉,3号线,赵家条
重庆,3号线,碧津
南昌,4号线,云天路
成都,2号线,洪河
苏州,3号线,沙金桥
长春,4号线,北亚泰大街
成都,2号线,成都行政学院
沈阳,9号线,金阳大街
上海,4号线,宜山路
佛山,广佛线,朝安
南京,3号线,夫子庙
天津,5号线,天津宾馆
苏州,3号线,狮山路
佛山,广佛线,桂城
贵阳,3号线,浪风关
昆明,4号线,金桂街
福州,5号线,帝封江
郑州,4号线,龙湖中环南
南宁,5号线,狮山公园
香港,屯马线,朗屏
宁波,4号线,长兴路
青岛,4号线,泰山路
深圳,3号线/龙岗线,福保
南京,3号线,常府街
长沙,5号线,水渡河
广州,4号线,车陂
北京,4号线大兴线,西直门
西安,4号线,百花村
无锡,4号线,黄巷
大连,13号线,三十里堡
长沙,5号线,土桥
合肥,3号线,郑河
杭州,2号线,人民路
无锡,4号线,盛岸
武汉,3号线,罗家庄
南昌,4号线,灌婴路
无锡,4号线,惠山古镇
重庆,3号线,江北机场T2航站楼
大连,13号线,二十里堡
长春,4号线,长春站北
沈阳,9号线,彩霞街
重庆,3号线北延伸段,碧津
上海,4号线,虹桥路
天津,5号线,文化中心
成都,2号线,大面铺
大连,13号线,十三里
苏州,3号线,狮子山
香港,屯马线,元朗
成都,2号线,连山坡
佛山,广佛线,南桂路
南宁,5号线,小鸡村
郑州,4号线,农业东路
昆明,4号线,梅子村
贵阳,3号线,桐木岭(省委党校)
福州,5号线,螺洲古镇
大连,13号线,九里
青岛,4号线,昌乐路
深圳,3号线/龙岗线,益田
宁波,4号线,金山路
郑州,4号线,中央商务区
北京,4号线大兴线,动物园
南京,3号线,大行宫
广州,4号线,车陂南
宁波,4号线,奥体中心
西安,4号线,余家寨
北京,4号线大兴线,国家图书馆
长沙,5号线,白茅铺
合肥,3号线,海棠
杭州,2号线,杭发厂
青岛,4号线,海泊河公园
武汉,3号线,二七小路
合肥,3号线,一里井
南昌,4号线,南昌大桥东
无锡,4号线,青山湾荣院
合肥,3号线,淮南路
长春,6号线,双丰
无锡,4号线,河埒口
上海,4号线,延安西路
重庆,3号线北延伸段,双凤桥
天津,5号线,西南楼
沈阳,9号线,奥体中心
合肥,3号线,鸭林冲
苏州,3号线,何山
沈阳,9号线,天成街
南宁,5号线,邕宾立交
佛山,广佛线,礌岗
香港,屯马线,锦上路
福州,5号线,前锦
昆明,4号线,古城
成都,2号线,界牌
大连,保税区线,大连站
深圳,3号线/龙岗线,石厦
长春,6号线,长春西站
郑州,4号线,会展中心
南宁,5号线,降桥
南京,3号线,浮桥
广州,4号线,万胜围
深圳,3号线/龙岗线,购物公园
宁波,4号线,洪塘中路
西安,4号线,大明宫北
广州,4号线,官洲
北京,4号线大兴线,魏公村
杭州,2号线,人民广场
长沙,5号线,月湖公园北
西安,4号线,大明宫
武汉,3号线,兴业路
青岛,4号线,海泊桥(海慈医疗)
杭州,2号线,建设一路
南昌,4号线,桃苑
青岛,4号线,西吴家村
武汉,3号线,后湖大道
深圳,3号线/龙岗线,福田
青岛,4号线,错埠岭
上海,4号线,中山公园
南昌,4号线,绳金塔
福州,5号线,龙江
长春,6号线,腾跃街
无锡,4号线,西园弄
天津,5号线,下瓦房
重庆,3号线北延伸段,空港广场
广州,4号线,大学城北
成都,2号线,书房
宁波,4号线,洪大路
杭州,2号线,建设三路
昆明,4号线,可乐村
合肥,3号线,合肥火车站
苏州,3号线,西津桥
北京,4号线大兴线,人民大学
广州,4号线,大学城南
沈阳,9号线,朗日街
香港,屯马线,荃湾西
佛山,广佛线,千灯湖
广州,4号线,新造
大连,保税区线,香炉礁
杭州,2号线,振宁路
郑州,4号线,商鼎路
南宁,5号线,金桥客运站
南京,3号线,鸡鸣寺
杭州,2号线,飞虹路
佛山,广佛线,金融高新区
长沙,5号线,马栏山
佛山,广佛线,龙溪
西安,4号线,含元殿
杭州,2号线,盈丰路
佛山,广佛线,菊树
成都,2号线,龙平路
上海,4号线,金沙江路
天津,5号线,直沽
宁波,4号线,庄桥火车站
武汉,3号线,市民之家
昆明,4号线,祥丰街
长春,6号线,支农大街
南昌,4号线,坛子口
深圳,3号线/龙岗线,少年宫
青岛,4号线,福辽立交桥
福州,5号线,福州火车南站
重庆,3号线北延伸段,高堡湖
合肥,3号线,竹丝滩
无锡,4号线,体育中心
苏州,3号线,马运路
北京,4号线大兴线,海淀黄庄
沈阳,9号线,长青南街
青岛,4号线,洪山坡(妇儿医院)
香港,屯马线,美孚
佛山,广佛线,西塱
广州,4号线,石碁
大连,保税区线,金家街
香港,屯马线,南昌
南京,3号线,南京林业大学·新庄
郑州,4号线,东十里铺
大连,保税区线,泉水
长沙,5号线,鸭子铺
重庆,3号线北延伸段,观月路
大连,保税区线,后盐
西安,4号线,西安站
长沙,5号线,火炬村
杭州,2号线,钱江世纪城
大连,保税区线,大连湾
长沙,5号线,马王堆
深圳,3号线/龙岗线,莲花村
南昌,4号线,丁公路南
宁波,4号线,丽江路
长春,6号线,飞跃广场
武汉,3号线,宏图大道
上海,4号线,曹杨路
天津,5号线,津塘路
福州,6号线,潘墩
昆明,4号线,牛头山
成都,2号线,龙泉驿
合肥,3号线,方庙
大连,保税区线,金马路
苏州,3号线,铜墩
北京,4号线大兴线,中关村
无锡,4号线,夏家边
成都,3号线,成都医学院
青岛,4号线,劲松三路
沈阳,9号线,建筑大学
无锡,4号线,蠡湖大桥
佛山,广佛线,鹤洞
广州,4号线,海傍
无锡,4号线,大剧院
香港,屯马线,柯士甸
郑州,4号线,货站街
南京,3号线,南京站
无锡,4号线,五湖大道
南京,3号线,小市
重庆,3号线北延伸段,莲花
广州,4号线,低涌
西安,4号线,五路口
重庆,3号线北延伸段,举人坝
杭州,2号线,钱江路
重庆,4号线,黄岭
广州,4号线,东涌
长沙,5号线,万家丽广场
南昌,4号线,丁公路北
深圳,3号线/龙岗线,华新
上海,4号线,镇坪路
长春,6号线,欧亚卖场
武汉,4号线,柏林
福州,6号线,林浦
天津,5号线,成林道
宁波,4号线,双东路
昆明,4号线,联大街
佛山,广佛线,沙涌
大连,保税区线,开发区
苏州,3号线,长亭
合肥,3号线,窦桥湾
北京,4号线大兴线,北京大学东门
昆明,4号线,吴家营
成都,3号线,石油大学
沈阳,10号线,丁香湖
青岛,4号线,埠西
昆明,4号线,昆明南火车站
香港,屯马线,尖东
青岛,4号线,大埠东
郑州,4号线,七里河
苏州,3号线,文昌路
无锡,4号线,周新苑
郑州,4号线,果树所
南京,3号线,五塘广场
苏州,3号线,惠昌路
西安,4号线,大差市
苏州,3号线,苏州新区火车站
杭州,2号线,庆春广场
合肥,3号线,新海大道
重庆,4号线,石船
苏州,4号线,龙道浜
宁波,4号线,翠柏里
上海,4号线,中潭路
长春,6号线,光谷大街
福州,6号线,樟岚
武汉,4号线,新庙村
天津,5号线,靖江路
长沙,5号线,芙蓉区政府
南昌,4号线,人民公园
深圳,3号线/龙岗线,通新岭
广州,4号线,庆盛
西安,4号线,和平门
大连,保税区线,保税区
佛山,广佛线,沙园
北京,4号线大兴线,圆明园
广州,4号线,黄阁汽车城
沈阳,10号线,元江街
成都,3号线,钟楼
佛山,广佛线,燕岗
昆明,5号线,世博园
沈阳,10号线,向工街
香港,屯马线,红磡
青岛,4号线,辽阳东路
昆明,5号线,白龙寺
无锡,4号线,市民中心
福州,6号线,梁厝
郑州,4号线,金岱
南京,3号线,上元门
沈阳,10号线,塔湾街
南京,3号线,柳洲东路
杭州,2号线,庆菱路
合肥,3号线,勤劳村
福州,6号线,下洋
重庆,4号线,桐梓林
郑州,4号线,姚庄
上海,4号线,上海火车站
长春,6号线,硅谷广场
宁波,4号线,大卿桥
深圳,3号线/龙岗线,红岭
苏州,4号线,张庄
南昌,4号线,上沙沟
长沙,5号线,高桥北
武汉,4号线,临嶂大道
天津,5号线,幸福公园
大连,九里线,和平路
郑州,4号线,郎庄
西安,4号线,建筑科技大学·李家村
北京,4号线大兴线,西苑
长沙,5号线,高桥南
成都,3号线,马超西路
广州,4号线,黄阁
西安,4号线,西安科技大学
佛山,广佛线,石溪
香港,屯马线,何文田
广州,4号线,蕉门
青岛,4号线,董家下庄
佛山,广佛线,南洲
昆明,5号线,石闸
无锡,4号线,吴都路
青岛,4号线,科苑经七路
佛山,广佛线,沥滘
沈阳,10号线,淮河街沈医二院
青岛,4号线,张村
南京,3号线,天润城
杭州,2号线,建国北路
无锡,4号线,丰润道
合肥,3号线,文浍苑
重庆,4号线,普福
福州,6号线,营前
深圳,3号线/龙岗线,老街
南昌,4号线,起凤路
苏州,4号线,姚祥
杭州,2号线,中河北路
上海,4号线,宝山路
长春,6号线,百花园
宁波,4号线,柳西
天津,5号线,月牙河
武汉,4号线,蔡甸广场
福州,6号线,航城
郑州,5号线,月季公园
大连,九里线,东山路
北京,4号线大兴线,北宫门
长沙,5号线,圭塘
苏州,4号线,活力岛
成都,3号线,团结新区
大连,九里线,鸿玮澜山
西安,4号线,大雁塔
成都,3号线,锦水河
香港,屯马线,土瓜湾
广州,4号线,金洲
西安,4号线,大唐芙蓉园
昆明,5号线,穿金路
广州,4号线,飞沙角
大连,九里线,通世泰
苏州,4号线,孙武纪念园
广州,4号线,广隆
沈阳,10号线,百鸟公园
长沙,5号线,木桥
南京,3号线,泰冯路
青岛,4号线,彭家庄
合肥,3号线,幼儿师范
沈阳,10号线,长江街
无锡,4号线,博览中心
重庆,4号线,高石塔
青岛,4号线,南宅科
杭州,2号线,凤起路
上海,4号线,海伦路
深圳,3号线/龙岗线,晒布
南昌,4号线,七里
宁波,4号线,宁波火车站
天津,5号线,金钟河大街
武汉,4号线,凤凰路
长春,6号线,市法院
郑州,5号线,沙口路
福州,6号线,郑和
北京,4号线大兴线,安河桥北
天津,5号线,建昌道
郑州,5号线,海滩寺
南昌,4号线,民园路西
香港,屯马线,宋皇台
成都,3号线,三河场
郑州,5号线,郑州人民医院
昆明,5号线,火车北站
西安,4号线,曲江池西
香港,屯马线,启德
西安,4号线,金滹沱
苏州,4号线,平泷路西
广州,4号线,大涌
大连,九里线,开发区
南京,3号线,东大成贤学院
深圳,3号线/龙岗线,翠竹
长沙,5号线,雨花区政府
大连,九里线,金马路
沈阳,10号线,中医药大学
合肥,3号线,职教城
重庆,4号线,龙兴
青岛,4号线,小崂山
深圳,3号线/龙岗线,田贝
武汉,4号线,新农
长春,6号线,兰桡湖公园
宁波,4号线,兴宁桥西
上海,4号线,临平路
杭州,2号线,武林门
西安,4号线,航天大道
北京,5号线,宋家庄
福州,6号线,十洋
天津,5号线,思源路
上海,4号线,大连路
合肥,3号线,职教城东
合肥,3号线,相城路
郑州,5号线,黄河路
沈阳,10号线,陵东街
广州,4号线,塘坑
南昌,4号线,火炬
武汉,4号线,知音
北京,5号线,刘家窑
大连,九里线,大连湾
南京,3号线,星火路
香港,屯马线,钻石山
昆明,5号线,圆通山
成都,3号线,金华寺东路
重庆,4号线,龙驿大道
福州,6号线,吴航
西安,4号线,飞天路
苏州,4号线,苏锦
长春,6号线,轨道集团
长沙,5号线,大塘
重庆,4号线,三板溪
合肥,4号线,青龙岗
成都,3号线,植物园
合肥,4号线,合肥七中
青岛,4号线,沙子口
杭州,2号线,沈塘桥
深圳,3号线/龙岗线,水贝
宁波,4号线,兴宁桥东
合肥,4号线,量子科学中心
杭州,2号线,下宁桥
上海,4号线,杨树浦路
天津,5号线,志成路
昆明,5号线,华山西路
天津,5号线,张兴庄
郑州,5号线,省人民医院
武汉,4号线,集贤
广州,4号线,南横
香港,屯马线,显径
沈阳,10号线,北塔
大连,九里线,后盐
南昌,4号线,北沥
南京,3号线,林场
苏州,4号线,苏州火车站
北京,5号线,蒲黄榆
福州,6号线,鹤上
西安,4号线,东长安街
长春,6号线,新明街
合肥,4号线,科大先研院
长沙,5号线,板塘冲
长春,6号线,华庆路
重庆,4号线,复盛
昆明,5号线,五一路
长沙,5号线,毛竹塘
长春,6号线,南溪湿地公园
成都,3号线,军区总医院
合肥,4号线,北雁湖
昆明,5号线,弥勒寺
深圳,3号线/龙岗线,草埔
青岛,4号线,段家埠
宁波,4号线,白鹤
长春,6号线,福祉大路
青岛,4号线,登瀛
上海,4号线,浦东大道
杭州,2号线,学院路
长春,6号线,吴家店
香港,屯马线,大围
沈阳,10号线,合作街
郑州,5号线,姚砦·聂庄
广州,4号线,南沙客运港
南京,4号线,龙江
西安,4号线,神舟大道
苏州,4号线,北寺塔
南昌,4号线,科技城
天津,5号线,宜兴埠北
北京,5号线,天坛东门
大连,九里线,泉水
武汉,4号线,新天
福州,6号线,沙京
合肥,4号线,玉兰大道
福州,6号线,莲花
重庆,4号线,石河清
福州,6号线,下吴
合肥,4号线,金桂
长沙,6号线,谢家桥
成都,3号线,熊猫大道
青岛,4号线,大河东
合肥,4号线,柳树塘
深圳,3号线/龙岗线,布吉
昆明,5号线,严家地
宁波,4号线,儿童公园
青岛,8号线,胶州北站
宁波,4号线,矮柳
上海,4号线,世纪大道
青岛,8号线,胶东机场
杭州,2号线,古翠路
上海,4号线,浦电路(4号线)
香港,屯马线,车公庙
南昌,4号线,鱼尾洲
大连,九里线,金家街
沈阳,10号线,东北大马路
郑州,5号线,众意西路
广州,5号线,滘口
苏州,4号线,察院场
南京,4号线,草场门·南艺·二师
武汉,4号线,黄金口
长春,6号线,亚泰足球基地
西安,4号线,航天东路
北京,5号线,磁器口
天津,5号线,辽河北道
杭州,2号线,丰潭路
天津,5号线,淮河道
重庆,4号线,雁坪
杭州,2号线,文新
福州,6号线,壶井
重庆,4号线,鱼嘴
长沙,6号线,象鼻窝
成都,3号线,动物园
大连,九里线,香炉礁
昆明,5号线,金兰路
成都,3号线,昭觉寺南路
合肥,4号线,图书馆
深圳,3号线/龙岗线,木棉湾
大连,九里线,大连站
成都,3号线,驷马桥
宁波,4号线,潘火路
福州,6号线,万寿
青岛,8号线,胶东
南京,4号线,云南路
香港,屯马线,沙田围
沈阳,10号线,滂江街
苏州,4号线,乐桥
郑州,5号线,中央商务区
武汉,4号线,孟家铺
北京,5号线,崇文门
上海,4号线,蓝村路
西安,4号线,航天新城
长春,6号线,樱花街
广州,5号线,坦尾
青岛,8号线,大涧
天津,5号线,职业大学
广州,5号线,中山八
杭州,2号线,三坝
重庆,4号线,果园物流枢纽
长沙,6号线,中塘
广州,5号线,西场
合肥,4号线,天鹅湖
上海,4号线,塘桥
昆明,5号线,福海
深圳,3号线/龙岗线,大芬
重庆,4号线,鹿栖
大连,九里支线,九里
昆明,5号线,广福路西口
宁波,4号线,嵩江东路
成都,3号线,李家沱
大连,九里支线,十九局
苏州,4号线,三元坊
长春,6号线,聚业大街
西安,5号线,创新港
广州,5号线,西村
武汉,4号线,永安堂
沈阳,10号线,长安路
香港,屯马线,第一城
郑州,5号线,儿童医院·颐和医院
南京,4号线,鼓楼
北京,5号线,东单
大连,九里支线,和平路
青岛,8号线,红岛火车站
南京,4号线,鸡鸣寺
天津,5号线,北辰道
大连,九里支线,东山路
杭州,2号线,虾龙圩
长沙,6号线,一师范西校区
南京,4号线,九华山
合肥,4号线,天鹅湖东
大连,九里支线,鸿玮澜山
南京,4号线,岗子村
深圳,3号线/龙岗线,丹竹头
上海,4号线,南浦大桥
大连,九里支线,通世泰
重庆,4号线,铁山坪
深圳,3号线/龙岗线,六约
成都,3号线,前锋路
宁波,4号线,南高教园区
昆明,5号线,大坝
大连,九里支线,开发区
武汉,4号线,玉龙路
昆明,5号线,迎海路
香港,屯马线,石门
苏州,4号线,南门
广州,5号线,广州火车站
沈阳,10号线,万莲
郑州,5号线,祭城
北京,5号线,灯市口
西安,5号线,创新港东
长春,6号线,省博物院
青岛,8号线,健康中心
重庆,4号线,唐家沱
天津,5号线,丹河北道
昆明,5号线,渔户村
青岛,8号线,健身中心(红岛会展)
杭州,2号线,三墩
长沙,6号线,长庆
昆明,5号线,兴体路
杭州,2号线,墩祥街
合肥,4号线,姚公庙
天津,5号线,北辰科技园北
上海,4号线,西藏南路
南京,4号线,蒋王庙
杭州,2号线,金家渡
宁波,4号线,金达南路
成都,3号线,红星桥
南京,4号线,王家湾
深圳,3号线/龙岗线,塘坑
杭州,2号线,白洋
深圳,3号线/龙岗线,横岗
香港,屯马线,大水坑
广州,5号线,小北
郑州,5号线,金水东路
苏州,4号线,人民桥南
沈阳,10号线,泉园
西安,5号线,翱翔小镇
武汉,4号线,王家湾
长春,6号线,长影世纪城
北京,5号线,东四
合肥,4号线,南屏路
重庆,4号线,太平冲
沈阳,10号线,江东街
青岛,8号线,观涛
重庆,4号线,港城
沈阳,10号线,长青桥
长沙,6号线,和馨园
昆明,5号线,庄家塘立交桥
青岛,8号线,红岛科技馆(方特)
长沙,6号线,长丰
天津,6号线,南孙庄
上海,4号线,鲁班路
重庆,4号线,黑石子
长沙,6号线,麓谷体育公园
宁波,4号线,小洋江
成都,3号线,市二医院
南京,4号线,聚宝山
重庆,4号线,寸滩
杭州,2号线,杜甫村
北京,5号线,张自忠路
南京,4号线,徐庄·苏宁总部
郑州,5号线,郑州东站
长春,8号线,北环城路
香港,屯马线,恒安
苏州,4号线,团结桥
广州,5号线,淘金
西安,5号线,钓台
武汉,4号线,十里铺
深圳,3号线/龙岗线,永湖
合肥,4号线,薛河
杭州,2号线,良渚
深圳,3号线/龙岗线,荷坳
杭州,3号线(文一西路-星桥),吴山前村
昆明,5号线,金家河
沈阳,10号线,长青南街
郑州,5号线,康宁街
合肥,4号线,竹西
青岛,8号线,大洋
昆明,5号线,福保
天津,6号线,南何庄
上海,4号线,大木桥路
昆明,5号线,滇池国际会展中心
北京,5号线,北新桥
上海,4号线,东安路
重庆,4号线,保税港
成都,3号线,春熙路
宁波,4号线,东钱湖
合肥,4号线,淝南
青岛,8号线,青岛北站
长沙,6号线,麓谷公园
北京,5号线,雍和宫
宁波,5号线,兴庄路
武汉,4号线,七里庙
长春,8号线,一二三中学
广州,5号线,区庄
西安,5号线,沣西文化公园
苏州,4号线,宝带路
南京,4号线,金马路
香港,屯马线,马鞍山
北京,5号线,和平里北街
香港,屯马线,乌溪沙
深圳,3号线/龙岗线,大运
北京,5号线,和平西桥
郑州,5号线,省骨科医院
长春,8号线,小南
杭州,3号线(文一西路-星桥),汤家村
沈阳,10号线,理工大学
长春,8号线,小城子街
天津,6号线,大毕庄
沈阳,10号线,张沙布
昆明,5号线,宝丰
上海,4号线,上海体育场
合肥,4号线,合肥南站
重庆,4号线,头塘
成都,3号线,新南门
香港,荃湾线,荃湾
长沙,6号线,涧塘
青岛,11号线,苗岭路
昆明,6号线,机场中心
南京,4号线,汇通路
广州,5号线,动物园
苏州,4号线,石湖东路
青岛,11号线,会展中心
宁波,5号线,三官堂
西安,5号线,东马坊
武汉,4号线,五里墩
深圳,3号线/龙岗线,爱联
青岛,11号线,青岛二中
北京,5号线,惠新西街南口
深圳,3号线/龙岗线,吉祥
郑州,5号线,经北二路
北京,5号线,惠新西街北口
杭州,3号线(文一西路-星桥),火车西站
郑州,5号线,经开中心广场
长春,8号线,北湖大桥
天津,6号线,金钟街
青岛,11号线,青岛科大
长沙,6号线,湖南工商大学
香港,荃湾线,大窝口
重庆,4号线,重庆北站北广场
合肥,4号线,望湖城南
成都,3号线,磨子桥
上海,4号线,上海体育馆
西安,5号线,高桥
昆明,6号线,机场前
宁波,5号线,盎孟港
合肥,4号线,葛大店南
广州,5号线,杨箕
武汉,4号线,汉阳火车站
南京,4号线,灵山
苏州,4号线,红庄
青岛,11号线,张村
广州,5号线,五羊邨
杭州,3号线(文一西路-星桥),龙舟北路
青岛,11号线,枯桃
武汉,4号线,钟家村
宁波,5号线,院士路
昆明,6号线,大板桥
深圳,3号线/龙岗线,龙城广场
重庆,4号线,民安大道
长春,8号线,北湖公园
西安,5号线,文教园
上海,5号线(莘庄--闵行开发区),闵行开发区
苏州,4号线,清树湾
广州,5号线,珠江新城
天津,6号线,徐庄子
北京,5号线,大屯路东
成都,3号线,省体育馆
合肥,4号线,工经学院
郑州,5号线,福塔东
青岛,11号线,海洋大学
北京,5号线,北苑路北
长沙,6号线,白鸽咀
香港,荃湾线,葵兴
重庆,5号线,悦港北路
香港,荃湾线,葵芳
南京,4号线,东流
重庆,5号线,悦港大道
香港,荃湾线,荔景
苏州,4号线,花港
香港,荃湾线,美孚
武汉,4号线,拦江路
重庆,5号线,椿萱大道
杭州,3号线(文一西路-星桥),文一西路
长春,8号线,和安街
深圳,3号线/龙岗线,南联
昆明,6号线,东部汽车站
宁波,5号线,会展中心
西安,5号线,欢乐谷
广州,5号线,猎德
郑州,5号线,中原福塔
天津,6号线,金钟河大街
北京,5号线,立水桥南
成都,3号线,衣冠庙
上海,5号线(莘庄--闵行开发区),文井路
合肥,4号线,尧渡河路
苏州,4号线,江陵西路
青岛,11号线,世博园
合肥,4号线,五里庙
长沙,6号线,湘雅三医院
合肥,4号线,唐桥
苏州,4号线,江兴西路
南京,4号线,孟北
合肥,4号线,东七里
南京,4号线,西岗桦墅
南京,4号线,仙林湖
重庆,5号线,中央公园西
合肥,4号线,站塘
香港,荃湾线,荔枝角
上海,5号线(莘庄--闵行开发区),华宁路
青岛,11号线,北宅
香港,荃湾线,长沙湾
武汉,4号线,复兴路
广州,5号线,潭村
深圳,3号线/龙岗线,双龙
郑州,5号线,七里河
香港,荃湾线,深水埗
杭州,3号线(文一西路-星桥),绿汀路
长春,8号线,光机路
昆明,6号线,菊华
宁波,5号线,民安东路
西安,5号线,镐京
天津,6号线,民权门
北京,5号线,立水桥
成都,3号线,高升桥
深圳,4号线/龙华线,福田口岸
长沙,6号线,六沟垅
上海,5号线(莘庄--闵行开发区),金平路
长沙,6号线,文昌阁
苏州,4号线,流虹路
上海,5号线(莘庄--闵行开发区),东川路
宁波,5号线,海晏北路
上海,5号线(莘庄--闵行开发区),剑川路
南京,5号线,吉印大道
合肥,4号线,方庙
宁波,5号线,柳隘
重庆,5号线,鲁家沟
上海,5号线(莘庄--闵行开发区),北桥
青岛,11号线,北九水
合肥,4号线,新海公园
武汉,4号线,首义路
郑州,5号线,航海广场
广州,5号线,员村
上海,5号线(莘庄--闵行开发区),颛桥
香港,荃湾线,太子
广州,5号线,科韵路
杭州,3号线(文一西路-星桥),全丰
成都,3号线,红牌楼
西安,5号线,复兴大道南
天津,6号线,北宁公园
昆明,6号线,东郊路
长春,8号线,大学城路
北京,5号线,天通苑南
深圳,4号线/龙华线,福民
香港,荃湾线,旺角
广州,5号线,车陂南
长沙,6号线,湘雅医院
苏州,4号线,笠泽路
香港,荃湾线,油麻地
青岛,11号线,庙石
郑州,5号线,城东南路
广州,5号线,东圃
南京,5号线,九龙湖南
合肥,4号线,十里村
香港,荃湾线,佐敦
长沙,6号线,烈士公园南
深圳,4号线/龙华线,会展中心
长春,8号线,地理所
宁波,5号线,曹隘
杭州,3号线(文一西路-星桥),高教路
重庆,5号线,甘悦大道
长春,8号线,奥林匹克公园
武汉,4号线,武昌火车站
宁波,5号线,泗港
重庆,5号线,园博中心
上海,5号线(莘庄--闵行开发区),银都路
长沙,6号线,迎宾路口
青岛,11号线,浦里
成都,3号线,太平园
西安,5号线,斗门
天津,6号线,北站
北京,5号线,天通苑
昆明,6号线,岔街
香港,荃湾线,尖沙咀
苏州,4号线,顾家荡
香港,荃湾线,金钟
香港,荃湾线,中环
南京,5号线,诚信大道
郑州,5号线,南五里堡
广州,5号线,三溪
合肥,4号线,陶冲湖东
深圳,4号线/龙华线,市民中心
昆明,6号线,塘子巷
苏州,4号线,苏州湾东
杭州,3号线(文一西路-星桥),联胜路
长春,8号线,广通路
上海,5号线(莘庄--闵行开发区),春申路
宁波,5号线,大洋江
重庆,5号线,丹鹤
武汉,4号线,梅苑小区
宁波,5号线,下应路
广州,5号线,鱼珠
长沙,6号线,窑岭湘雅二医院
青岛,11号线,鳌山卫
北京,5号线,天通苑北
天津,6号线,新开河
成都,3号线,川藏立交
西安,5号线,王寺
苏州,4号线,松陵大道
长沙,6号线,朝阳村
合肥,4号线,安医一附院北区
郑州,5号线,冯庄
深圳,4号线/龙华线,少年宫
南京,5号线,前庄
北京,6号线,潞城
南京,5号线,科宁路
长沙,6号线,芙蓉区政府
北京,6号线,东夏园
西安,5号线,阿房宫南
杭州,3号线(文一西路-星桥),洪园
上海,5号线(莘庄--闵行开发区),莘庄
重庆,5号线,湖霞街
成都,3号线,武侯立交
武汉,4号线,中南路
宁波,5号线,南高教园区
长沙,6号线,人民东路
天津,6号线,外院附中
广州,5号线,大沙地
青岛,11号线,山东大学
杭州,3号线(文一西路-星桥),西溪湿地南
苏州,4号线,吴江人民广场
成都,3号线,武青南路
合肥,4号线,综保区
郑州,5号线,京广南路
深圳,4号线/龙华线,莲花北
杭州,3号线(文一西路-星桥),花坞
青岛,11号线,蓝色硅谷
成都,3号线,双凤桥
合肥,5号线,汲桥路
上海,5号线(莘庄--奉贤新城),莘庄
武汉,4号线,洪山广场
天津,6号线,天泰路
宁波,5号线,钱湖南路
青岛,11号线,水泊
重庆,5号线,重光
广州,5号线,大沙东
长沙,6号线,花桥
南京,5号线,竹山路
杭州,3号线(文一西路-星桥),东岳
苏州,4号线,吴江汽车站
青岛,11号线,博览中心
西安,5号线,石桥立交
北京,6号线,郝家府
郑州,5号线,市第二人民医院
杭州,3号线(文一西路-星桥),古墩路
成都,3号线,龙桥路
青岛,11号线,温泉东
杭州,3号线(文一西路-星桥),古荡新村
深圳,4号线/龙华线,上梅林
西安,5号线,西窑头
杭州,3号线(文一西路-星桥),古荡
深圳,4号线/龙华线,民乐
合肥,5号线,六中菱湖校区
重庆,5号线,和睦路
广州,5号线,文冲
天津,6号线,北竹林
长沙,6号线,隆平水稻博物馆
南京,5号线,新亭路
武汉,4号线,楚河汉街
宁波,5号线,鄞州区政府
上海,5号线(莘庄--奉贤新城),春申路
南京,5号线,东山
北京,6号线,北运河东
苏州,4号线,庞金路
长沙,6号线,农科院农大
郑州,5号线,齐礼阎
苏州,4号线,同里
成都,3号线,航都大街
西安,5号线,汉城南路
广州,5号线,双沙
青岛,11号线,皋虞
郑州,5号线,后河芦
深圳,4号线/龙华线,白石龙
郑州,5号线,桐淮
郑州,5号线,陇海西路
天津,6号线,西站
杭州,3号线(文一西路-星桥),黄龙体育中心
重庆,5号线,人和
武汉,4号线,青鱼嘴
宁波,5号线,钟公庙
合肥,5号线,菱湖公园
上海,5号线(莘庄--奉贤新城),银都路
南京,5号线,文靖路
天津,6号线,复兴路
北京,6号线,北运河西
重庆,5号线,幸福广场
长沙,6号线,东湖
苏州,4号线支线,红庄
重庆,5号线,冉家坝
长沙,6号线,韶光
西安,5号线,金光门
成都,3号线,迎春桥
长沙,6号线,龙华
青岛,11号线,臧村
广州,5号线,庙头
成都,3号线,东升
重庆,5号线,大龙山
深圳,4号线/龙华线,深圳北站
合肥,5号线,北五里井
合肥,5号线,海棠
郑州,5号线,市中心医院
合肥,5号线,白水坝
武汉,4号线,东亭
宁波,5号线,庙堰
杭州,3号线(文一西路-星桥),黄龙洞
深圳,4号线/龙华线,红山
北京,6号线,通州北关
南京,S6号线,马群
上海,5号线(莘庄--奉贤新城),颛桥
天津,6号线,人民医院
杭州,3号线(文一西路-星桥),武林门
上海,5号线(莘庄--奉贤新城),北桥
苏州,4号线支线,蠡墅
杭州,3号线(文一西路-星桥),武林广场
深圳,4号线/龙华线,上塘
宁波,5号线,雅渡
苏州,4号线支线,石湖莫舍
西安,5号线,丰庆公园
青岛,11号线,钱谷山
长沙,6号线,檀木桥
广州,5号线,夏园
合肥,5号线,杏花公园
成都,3号线,双流广场
广州,5号线,保盈大道
郑州,5号线,五一公园
合肥,5号线,三孝口
郑州,6号线,常庄
南京,S6号线,百水桥
重庆,5号线,大石坝
广州,5号线,夏港
重庆,5号线,忠恕沱
武汉,4号线,岳家嘴
广州,5号线,黄埔新港
北京,6号线,物资学院路
青岛,13号线,嘉陵江西路
天津,6号线,长虹公园
青岛,13号线,香江路
上海,5号线(莘庄--奉贤新城),剑川路
深圳,4号线/龙华线,龙胜
苏州,4号线支线,越溪
长沙,6号线,曹家坪
青岛,13号线,井冈山路
杭州,3号线(文一西路-星桥),西湖文化广场
西安,5号线,西北工业大学
宁波,5号线,石碶
合肥,5号线,稻香楼
成都,3号线,三里坝
长沙,6号线,龙峰
成都,3号线,双流西站
南京,S6号线,麒麟门
郑州,6号线,奥体中心
北京,6号线,草房
郑州,6号线,奥体中心西
武汉,4号线,铁机路
重庆,5号线,红岩村
青岛,13号线,积米崖
广州,6号线,香雪
重庆,5号线,歇台子
天津,6号线,宜宾道
武汉,4号线,罗家港
青岛,13号线,灵山卫
武汉,4号线,园林路
合肥,5号线,中国科大东区
深圳,4号线/龙华线,龙华
郑州,6号线,金桢路
长沙,6号线,大路村
苏州,4号线支线,文溪路
南京,S6号线,东郊小镇
广州,6号线,萝岗
青岛,13号线,学院路
上海,5号线(莘庄--奉贤新城),东川路
天津,6号线,鞍山西道
杭州,3号线(文一西路-星桥),潮王路
西安,5号线,边家村
宁波,5号线,同德路
青岛,13号线,朝阳山
合肥,5号线,市第三医院
成都,4号线,西河
杭州,3号线(文一西路-星桥),香积寺
北京,6号线,常营
合肥,5号线,休宁路
杭州,3号线(文一西路-星桥),大关
成都,4号线,明蜀王陵
重庆,5号线,石桥铺
杭州,3号线(文一西路-星桥),善贤
重庆,5号线,石新路
北京,6号线,黄渠
深圳,4号线/龙华线,清湖
长沙,6号线,木马塅
武汉,4号线,仁和路
广州,6号线,苏元
苏州,4号线支线,天鹅荡路
郑州,6号线,河南建院
南京,S6号线,古泉
重庆,5号线,巴山
天津,6号线,天拖
上海,5号线(莘庄--奉贤新城),江川路
南京,S6号线,南京猿人洞
宁波,5号线,张家潭
上海,5号线(莘庄--奉贤新城),西渡
西安,5号线,省人民医院·黄雁村
青岛,13号线,辛屯(灵山湾)
武汉,4号线,工业四路
合肥,5号线,凌大塘
武汉,4号线,杨春湖
成都,4号线,成都大学
宁波,5号线,布政
合肥,5号线,望湖城西
西安,5号线,南稍门
武汉,4号线,武汉火车站
广州,6号线,暹岗
苏州,4号线支线,苏州湾北
重庆,5号线,凤西路
上海,5号线(莘庄--奉贤新城),萧塘
合肥,5号线,合肥南站
南京,S6号线,汤山
长沙,6号线,黄花机场T1T2
杭州,3号线(文一西路-星桥),新天地街
北京,6号线,褡裢坡
郑州,6号线,马寨
深圳,4号线/龙华线,清湖北
重庆,5号线,重庆西站
天津,6号线,一中心医院
青岛,13号线,两河
青岛,13号线,隐珠
郑州,6号线,安宁路
广州,6号线,金峰
深圳,4号线/龙华线,竹村
苏州,4号线支线,木里
南京,S6号线,泉都大街
合肥,5号线,盛大
武汉,5号线,红霞
合肥,5号线,包河苑
南京,S6号线,黄梅
合肥,5号线,义兴
深圳,4号线/龙华线,茜坑
长沙,长株潭西环线,山塘
广州,6号线,黄陂
郑州,6号线,洞林寺
青岛,13号线,凤凰山路
天津,6号线,红旗南路
苏州,5号线,阳澄湖南
重庆,5号线,华岩寺
北京,6号线,青年路
杭州,3号线(文一西路-星桥),汽轮广场
成都,4号线,十陵
深圳,4号线/龙华线,长湖
南京,S6号线,童世界
长沙,长株潭西环线,大王山
广州,6号线,高塘石
青岛,13号线,双珠路
合肥,5号线,大连路
郑州,6号线,洞林湖
成都,4号线,来龙
杭州,3号线(文一西路-星桥),华丰路
西安,5号线,文艺路
广州,6号线,柯木塱
苏州,5号线,葑亭大道
成都,4号线,槐树店
重庆,5号线,华成路
上海,5号线(莘庄--奉贤新城),奉浦大道
杭州,3号线(文一西路-星桥),同协路
北京,6号线,十里堡
重庆,5号线,半山
北京,6号线,金台路
武汉,5号线,黄家湖(武科大)
重庆,5号线,中梁山
武汉,5号线,中医药大学
天津,6号线,迎风道
长沙,长株潭西环线,桐溪
合肥,5号线,花园大道
深圳,4号线/龙华线,观澜
郑州,6号线,贾峪
青岛,13号线,世纪大道
南京,S6号线,华阳
武汉,5号线,白沙六路
天津,6号线,南翠屏
广州,6号线,龙洞
苏州,5号线,东沙湖
成都,4号线,万年场
西安,5号线,建筑科技大学·李家村
重庆,5号线,金建路
上海,5号线(莘庄--奉贤新城),环城东路
苏州,5号线,龙墩
杭州,3号线(文一西路-星桥),桃花湖公园
广州,6号线,植物园
苏州,5号线,星塘街
北京,6号线,呼家楼
广州,6号线,长湴
北京,6号线,东大桥
长沙,长株潭西环线,红桥
深圳,4号线/龙华线,松元厦
南京,S6号线,崇明
合肥,5号线,黄河路
郑州,10号线,郑州西站
广州,6号线,天河客运站
青岛,13号线,盛海路(世博城)
苏州,5号线,方洲公园
武汉,5号线,光霞
广州,6号线,燕塘
天津,6号线,水上公园东路
苏州,5号线,苏州奥体中心
西安,5号线,太乙路
成都,4号线,双桥路
天津,6号线,肿瘤医院
重庆,5号线,华岩中心
上海,5号线(莘庄--奉贤新城),望园路
苏州,5号线,斜塘
重庆,5号线,跳磴
杭州,3号线(文一西路-星桥),丁桥
苏州,5号线,华莲
长沙,长株潭西环线,坪塘
杭州,3号线(文一西路-星桥),华鹤街
北京,6号线,朝阳门
南京,S6号线,句容
杭州,3号线(文一西路-星桥),黄鹤山
合肥,5号线,扬子江路
青岛,13号线,大珠山
深圳,4号线/龙华线,观澜湖
郑州,10号线,李商隐公园
南京,S7号线(宁溧线),空港新城江宁
武汉,5号线,张家湾
南京,S7号线(宁溧线),柘塘
广州,6号线,天平架
武汉,5号线,烽火村
西安,5号线,雁翔路北口
成都,4号线,玉双路
广州,6号线,沙河顶
天津,6号线,天津宾馆
南京,S7号线(宁溧线),空港新城溧水
上海,5号线(莘庄--奉贤新城),金海湖
天津,6号线,文化中心
重庆,6号线,茶园
成都,4号线,市二医院
苏州,5号线,金湖
杭州,3号线(文一西路-星桥),星桥
长沙,长株潭西环线,双湖
苏州,5号线,李公堤南
北京,6号线,东四
长沙,长株潭西环线,黄家湾
合肥,5号线,义城
郑州,10号线,庙王
青岛,13号线,张家楼
深圳,4号线/龙华线,牛湖
长沙,长株潭西环线,船形山
武汉,5号线,八铺街
北京,6号线,南锣鼓巷
重庆,6号线,邱家湾
武汉,5号线,复兴路
西安,5号线,青龙寺
成都,4号线,太升南路
上海,5号线(莘庄--奉贤新城),奉贤新城
杭州,3号线(石马-星桥),星桥
天津,6号线,乐园道
广州,6号线,黄花岗
南京,S7号线(宁溧线),群力
上海,6号线,东方体育中心
广州,6号线,区庄
南京,S7号线(宁溧线),卧龙湖
广州,6号线,东山口
长沙,长株潭西环线,湘潭北站
深圳,5号线/环中线,赤湾
青岛,13号线,古镇口
天津,6号线,尖山路
青岛,13号线,龙湾
苏州,5号线,星波街
郑州,10号线,柳湖
青岛,13号线,琅琊
合肥,5号线,省行政中心东
苏州,5号线,金厍桥
合肥,5号线,方兴湖
合肥,5号线,渡江纪念馆
苏州,5号线,黄天荡
青岛,13号线,贡口湾
北京,6号线,北海北
西安,5号线,理工大曲江校区
武汉,5号线,彭刘杨
重庆,6号线,长生桥
成都,4号线,骡马市
郑州,10号线,市委党校
杭州,3号线(石马-星桥),黄鹤山
深圳,5号线/环中线,荔湾
上海,6号线,灵岩南路
郑州,10号线,郑州一中
郑州,10号线,西流湖公园南
上海,6号线,上南路
深圳,5号线/环中线,铁路公园
广州,6号线,东湖
长沙,磁浮快线,磁浮机场站
杭州,3号线(石马-星桥),华鹤街
天津,6号线,医大二院
南京,S7号线(宁溧线),溧水
上海,6号线,华夏西路
郑州,10号线,二砂
天津,6号线,梅江道
天津,6号线,左江道
南京,S7号线(宁溧线),中山湖
成都,4号线,宽窄巷子
杭州,3号线(石马-星桥),丁桥
长沙,磁浮快线,磁浮榔梨
上海,6号线,高青路
重庆,6号线,刘家坪
苏州,5号线,荷花荡
西安,5号线,黄渠头
青岛,13号线,董家口港
北京,6号线,平安里
武汉,5号线,司门口黄鹤楼
合肥,5号线,沈湾
成都,4号线,中医大省医院
广州,6号线,团一大广场
苏州,5号线,竹辉桥
天津,6号线,梅江公园
深圳,5号线/环中线,妈湾
长沙,磁浮快线,磁浮高铁站
青岛,13号线,泊里
合肥,5号线,华山路
郑州,10号线,市中心医院
南京,S7号线(宁溧线),幸庄
苏州,5号线,南园北路
深圳,5号线/环中线,前湾公园
广州,6号线,北京路
武汉,5号线,昙华林武胜门
深圳,5号线/环中线,前湾
成都,4号线,草堂北路
广州,6号线,海珠广场
深圳,5号线/环中线,桂湾
西安,5号线,马腾空
上海,6号线,东明路
北京,6号线,车公庄
杭州,3号线(石马-星桥),桃花湖公园
重庆,6号线,上新街
广州,6号线,一德路
南京,S7号线(宁溧线),无想山
苏州,5号线,南门
郑州,10号线,绿城广场
广州,6号线,文化公园
青岛,13号线,董家口火车站
广州,6号线,黄沙
天津,6号线,梅江会展中心
合肥,5号线,云谷路
广州,6号线,如意坊
合肥,5号线,清水冲
武汉,5号线,积玉桥
合肥,5号线,云川公园
南京,7号线,仙新路
广州,6号线,坦尾
合肥,5号线,滨湖竹园
成都,4号线,西南财大
郑州,10号线,医学院
深圳,5号线/环中线,前海湾
合肥,5号线,贵阳路
重庆,6号线,小什字
西安,6号线,纺织城
上海,6号线,高科西路
杭州,3号线(石马-星桥),同协路
北京,6号线,车公庄西
苏州,5号线,新市桥
天津,6号线,解放南路
重庆,6号线,大剧院
深圳,5号线/环中线,临海
杭州,3号线(石马-星桥),华丰路
广州,6号线,河沙
南京,7号线,尧化门
郑州,10号线,郑州火车站
天津,6号线,洞庭路
西安,6号线,纺二路
深圳,5号线/环中线,宝华
上海,6号线,临沂新村
成都,4号线,文化宫
武汉,5号线,三层楼
苏州,5号线,劳动路
北京,6号线,二里沟
武汉,5号线,三角路
重庆,6号线,江北城
苏州,5号线,双桥
重庆,6号线,五里店
苏州,5号线,索山桥西
郑州,12号线,龙子湖东
上海,6号线,上海儿童医学中心
苏州,5号线,落星桥
西安,6号线,纺六路
北京,6号线,白石桥南
成都,4号线,清江西路
杭州,3号线(石马-星桥),汽轮广场
天津,6号线,梅林路
武汉,5号线,徐家棚
广州,6号线,沙贝
深圳,5号线/环中线,宝安中心
苏州,5号线,石城
南京,7号线,尧化新村
杭州,3号线(石马-星桥),新天地街
重庆,6号线,红土地
杭州,3号线(石马-星桥),善贤
重庆,6号线,黄泥塝
杭州,3号线(石马-星桥),大关
杭州,3号线(石马-星桥),香积寺
重庆,6号线,红旗河沟
苏州,5号线,西跨塘
郑州,12号线,龙子湖
重庆,6号线,花卉园
杭州,3号线(石马-星桥),潮王路
深圳,5号线/环中线,翻身
杭州,3号线(石马-星桥),西湖文化广场
成都,4号线,成都西站
上海,6号线,蓝村路
西安,6号线,穆将王
北京,6号线,花园桥
深圳,5号线/环中线,灵芝
武汉,5号线,杨园铁四院
西安,6号线,田家湾
天津,6号线,渌水道
南京,7号线,丁家庄南
广州,6号线,横沙
重庆,6号线,大龙山
广州,6号线,浔峰岗
武汉,5号线,余家头
成都,4号线,中坝
广州,7号线,燕山
北京,6号线,慈寿寺
深圳,5号线/环中线,洪浪北
重庆,6号线,冉家坝
苏州,5号线,大治桥
上海,6号线,浦电路(6号线)
南京,7号线,丁家庄
郑州,12号线,龙子湖西
杭州,3号线(石马-星桥),武林广场
天津,6号线,渌水道
西安,6号线,卫星测控中心
武汉,5号线,科普公园
重庆,6号线,光电园
郑州,12号线,高铁公园
广州,7号线,水西
苏州,5号线,渎川桥
南京,7号线,万寿
深圳,5号线/环中线,兴东
郑州,12号线,东风东路
广州,7号线,萝岗
郑州,12号线,儿童医院·颐和医院
苏州,5号线,灵岩山
深圳,5号线/环中线,留仙洞
南京,7号线,晓庄
苏州,5号线,许家桥
深圳,5号线/环中线,西丽
郑州,12号线,黄河南路
广州,7号线,科丰路
南京,7号线,幕府山
广州,7号线,加庄
郑州,12号线,西周
苏州,5号线,茅蓬路东
苏州,5号线,胥口
成都,4号线,蔡桥
上海,6号线,世纪大道
北京,6号线,海淀五路居
深圳,5号线/环中线,大学城
北京,6号线,田村
杭州,3号线(石马-星桥),武林门
天津,6号线,双港
西安,6号线,万寿南路
武汉,5号线,建设二路
重庆,6号线,大竹林
深圳,5号线/环中线,塘朗
苏州,5号线,津桥
深圳,5号线/环中线,长岭陂
杭州,3号线(石马-星桥),黄龙洞
北京,6号线,廖公庄
苏州,5号线,花墩
郑州,12号线,经北五路
南京,7号线,五塘广场
广州,7号线,姬堂
深圳,5号线/环中线,深圳北站
广州,7号线,大沙东
成都,4号线,非遗博览园
上海,6号线,源深体育中心
深圳,5号线/环中线,民治
上海,6号线,民生路
深圳,5号线/环中线,五和
武汉,5号线,和平公园
天津,6号线,景荷道
重庆,6号线,康庄
西安,6号线,公园南路
上海,6号线,北洋泾路
南京,7号线,幕府西路
杭州,3号线(石马-星桥),黄龙体育中心
郑州,12号线,福塔东
北京,6号线,西黄村
武汉,5号线,红钢城
广州,7号线,裕丰围
苏州,5号线,太湖香山
深圳,5号线/环中线,坂田
南京,7号线南段,应天大街
苏州,11号线,金厍桥
天津,6号线,景荔道
上海,6号线,德平路
成都,4号线,马厂坝
西安,6号线,咸宁路
成都,4号线,凤凰大街
重庆,6号线,九曲河
广州,7号线,长洲
苏州,11号线,李公堤西
广州,7号线,深井
南京,7号线南段,梦都大街东
郑州,12号线,梁湖
深圳,5号线/环中线,杨美
北京,6号线,杨庄
武汉,5号线,青宜居
杭州,3号线(石马-星桥),古荡
广州,7号线,大学城南
杭州,3号线(石马-星桥),古荡新村
天津,6号线,天津大学北洋园校区
南京,7号线南段,新城科技园
上海,6号线,云山路
杭州,3号线(石马-星桥),古墩路
西安,6号线,交通大学·兴庆宫
上海,6号线,金桥路
成都,4号线,涌泉
南京,7号线南段,中胜
重庆,6号线,礼嘉
成都,4号线,光华公园
重庆,6号线,金山寺
苏州,11号线,东方之门
成都,4号线,南熏大道
郑州,14号线,铁炉
深圳,5号线/环中线,上水径
重庆,6号线,曹家湾
北京,6号线,苹果园
武汉,5号线,工人村
南京,7号线南段,嘉陵江东街
广州,7号线,板桥
郑州,14号线,市委党校
天津,6号线,海河教育园区
重庆,6号线,蔡家
深圳,5号线/环中线,下水径
杭州,3号线(石马-星桥),东岳
西安,6号线,长乐门
重庆,6号线,向家岗
上海,6号线,博兴路
天津,6号线,南开大学津南校区
重庆,6号线,龙凤溪
杭州,3号线(石马-星桥),花坞
深圳,5号线/环中线,长龙
西安,6号线,大差市
郑州,14号线,奥体中心
广州,7号线,员岗
南京,7号线南段,永初路
重庆,6号线,状元碑
天津,6号线,和慧南路
上海,6号线,五莲路
成都,4号线,凤溪河
苏州,11号线,烟雨桥
杭州,3号线(石马-星桥),西溪湿地南
天津,6号线,咸水沽西
北京,6号线,金安桥
郑州,14号线,莲湖
南京,7号线南段,太清路
苏州,11号线,倪浜
广州,7号线,南村万博
深圳,5号线/环中线,布吉
武汉,5号线,武钢
成都,4号线,凤溪河
重庆,6号线,西南大学
天津,9号线,东海路
深圳,5号线/环中线,百鸽笼
天津,9号线,会展中心
深圳,5号线/环中线,布心
天津,9号线,太湖路
苏州,11号线,唐庄
郑州,城郊线,南四环
天津,9号线,市民广场
西安,6号线,钟楼
上海,6号线,巨峰路
武汉,5号线,厂前
上海,6号线,东靖路
南京,7号线南段,螺塘路
北京,7号线,环球度假区
杭州,3号线(石马-星桥),留下
广州,7号线,汉溪长隆
重庆,6号线,北碚
成都,4号线,杨柳河
武汉,5号线,武汉站东广场
广州,7号线,钟村
武汉,6号线,新城十一路
成都,4号线,万盛
深圳,5号线/环中线,太安
武汉,6号线,码头潭公园
苏州,11号线,跨塘
深圳,5号线/环中线,怡景
广州,7号线,谢村
郑州,城郊线,十八里河
成都,5号线,华桂路
西安,6号线,广济街
天津,9号线,泰达
郑州,城郊线,沙窝李
天津,9号线,塘沽
上海,6号线,五洲大道
杭州,3号线(石马-星桥),屏峰
南京,7号线南段,西善桥
北京,7号线,花庄
重庆,6号线支线(国博线),沙河坝
成都,5号线,柏水场
南京,S8号线(宁天线),长江大桥北
南京,S8号线(宁天线),毛纺厂路
北京,7号线,高楼金
武汉,6号线,五环体育中心
天津,9号线,胡家园
深圳,5号线/环中线,黄贝岭
苏州,11号线,苏州园区火车站
广州,7号线,石壁
天津,9号线,钢管公司
苏州,11号线,方湾街
西安,6号线,桥梓口
苏州,11号线,丰和路
郑州,城郊线,双湖大道
天津,9号线,军粮城
上海,6号线,洲海路
重庆,6号线支线(国博线),红岩坪
杭州,3号线(石马-星桥),小和山
郑州,城郊线,小乔
成都,5号线,廖家湾
重庆,6号线支线(国博线),复兴
成都,5号线,北部商贸城
南京,S8号线(宁天线),泰山新村
苏州,11号线,双马街
北京,7号线,群芳
武汉,6号线,二雅路
南京,S8号线(宁天线),泰冯路
深圳,6号线/光明线,松岗
苏州,11号线,葑亭大道
南京,S8号线(宁天线),高新开发区
广州,7号线,广州南站
苏州,11号线,戈巷街
西安,6号线,安定门
郑州,城郊线,华南城西
西安,6号线,大唐西市
天津,9号线,小东庄
上海,6号线,外高桥保税区南
郑州,城郊线,华南城
杭州,3号线(石马-星桥),石马
苏州,11号线,唯亭
重庆,6号线支线(国博线),思源
郑州,城郊线,华南城东
成都,5号线,幸福桥
苏州,11号线,草鞋山
北京,7号线,万盛东
武汉,6号线,海口三路
成都,5号线,九道堰
苏州,11号线,阳澄湖东
深圳,6号线/光明线,溪头
南京,S8号线(宁天线),信息工程大学
广州,7号线,大洲
成都,5号线,杜家碾
武汉,6号线,金银湖公园
广州,7号线,陈村北
深圳,6号线/光明线,松岗公园
上海,6号线,航津路
西安,6号线,西北工业大学
天津,9号线,东丽开发区
广州,7号线,陈村
苏州,11号线,正仪
重庆,6号线支线(国博线),刘家院子
杭州,4号线,浦沿
苏州,11号线,莲湖公园
郑州,城郊线,孟庄
杭州,4号线,杨家墩
北京,7号线,万盛西
郑州,城郊线,港区北
苏州,11号线,祖冲之公园
郑州,城郊线,康平湖
深圳,6号线/光明线,薯田埔
苏州,11号线,昆山文化艺术中心
成都,5号线,大丰
南京,S8号线(宁天线),卸甲甸
北京,7号线,黑庄户
杭州,4号线,中医药大学
武汉,6号线,金银湖
北京,7号线,郎辛庄
西安,6号线,科技路
杭州,4号线,联庄
上海,6号线,外高桥保税区北
天津,9号线,新立
广州,7号线,锦龙
北京,7号线,黄厂
天津,9号线,张贵庄
重庆,6号线支线(国博线),清溪河
北京,7号线,焦化厂
苏州,11号线,共青
杭州,4号线,水澄桥
苏州,11号线,江浦
成都,5号线,石犀公园
杭州,4号线,复兴路
南京,S8号线(宁天线),大厂
郑州,城郊线,兰河公园
深圳,6号线/光明线,合水口
天津,9号线,二号桥
武汉,6号线,园博园北
郑州,城郊线,恩平湖
苏州,11号线,白马泾
西安,6号线,甘家寨
上海,6号线,港城路
广州,7号线,南涌
郑州,城郊线,综合保税区
苏州,11号线,玉山广场
重庆,6号线支线(国博线),王家庄
杭州,4号线,南星桥
北京,7号线,双合
苏州,11号线,绣衣
北京,7号线,垡头
苏州,11号线,昆山城市广场
南京,S8号线(宁天线),葛塘
北京,7号线,欢乐谷景区
深圳,6号线/光明线,公明广场
成都,5号线,皇花园
苏州,11号线,金浦大桥东
武汉,6号线,轻工大学
天津,9号线,一号桥
北京,7号线,南楼梓庄
上海,7号线,花木路
天津,9号线,中山门
西安,6号线,木塔寺
广州,7号线,美的
郑州,城郊线,新郑机场
北京,7号线,化工
上海,7号线,龙阳路
重庆,6号线支线(国博线),悦来
广州,7号线,北滘公园
杭州,4号线,甬江路
南京,S8号线(宁天线),长芦
深圳,6号线/光明线,红花山
苏州,11号线,顺帆北路
南京,S8号线(宁天线),化工园
郑州,城郊线,新郑机场
重庆,6号线支线(国博线),国博中心
武汉,6号线,常青花园
上海,7号线,芳华路
广州,7号线,美的大道
杭州,4号线,近江
天津,9号线,东兴路
西安,6号线,省体育馆
成都,5号线,陆家桥
西安,6号线,丈八一路
成都,5号线,泉水路
西安,6号线,丈八四路
郑州,城郊线,机场东
南京,S8号线(宁天线),六合开发区
北京,7号线,百子湾
深圳,6号线/光明线,楼村
广州,8号线,滘心
南京,S8号线(宁天线),龙池
郑州,城郊线,港区会展
苏州,11号线,鱼池泾
深圳,6号线/光明线,科学公园
成都,5号线,洞子口
上海,7号线,锦绣路
重庆,6号线支线(国博线),高义口
武汉,6号线,杨汊湖
杭州,4号线,城星路
天津,9号线,直沽
成都,5号线,福宁路
天津,9号线,十一经路
广州,8号线,亭岗
天津,9号线,大王庄
西安,6号线,丈八六路
成都,5号线,五块石
深圳,6号线/光明线,光明
苏州,11号线,白河潭
天津,9号线,天津站
郑州,城郊线,郑州航空港站
南京,S8号线(宁天线),雄州
西安,6号线,造字台
广州,8号线,石井
重庆,6号线支线(国博线),黄茅坪
北京,7号线,大郊亭
郑州,郑许线,长安路北
郑州,郑许线,港区北
杭州,4号线,市民中心
北京,7号线,九龙山
深圳,6号线/光明线,光明大街
广州,8号线,小坪
南京,S8号线(宁天线),凤凰山公园
天津,10号线,屿东城
重庆,6号线支线(国博线),欢乐谷
苏州,11号线,兵希
武汉,6号线,石桥
成都,5号线,赛云台
上海,7号线,杨高南路
西安,6号线,西部大道(西太路口)
广州,8号线,石潭
杭州,4号线,江锦路
苏州,11号线,夏驾河公园
天津,10号线,崂山道
重庆,6号线支线(国博线),礼嘉
郑州,郑许线,文体中心
上海,7号线,高科西路
南京,S8号线(宁天线),方州广场
北京,7号线,双井
武汉,6号线,唐家墩
深圳,6号线/光明线,凤凰城
成都,5号线,北站西二路
西安,6号线,郭杜西
西安,6号线,仁村
南京,S8号线(宁天线),沈桥
天津,10号线,香山道
深圳,6号线/光明线,长圳
郑州,郑许线,枣园
苏州,11号线,盛庄
广州,8号线,聚龙
武汉,6号线,三眼桥
广州,8号线,上步
南京,S8号线(宁天线),八百桥
天津,10号线,万山道
郑州,郑许线,翱翔路
南京,S8号线(宁天线),金牛湖
武汉,6号线,香港路
深圳,6号线/光明线,上屋
南京,S9号线(宁高线),翔宇路南
苏州,11号线,章基路南
武汉,6号线,苗栗路
上海,7号线,云台路
郑州,郑许线,长安路南
广州,8号线,同德
深圳,6号线/光明线,官田
西安,6号线,西安国际医学中心
南京,S9号线(宁高线),铜山
杭州,4号线,钱江路
重庆,9号线,高滩岩
北京,7号线,广渠门外
成都,5号线,西北桥
南京,S9号线(宁高线),石湫
郑州,郑许线,新郑机场(郑许线)
天津,10号线,沙柳南路
苏州,11号线,夏桥
成都,5号线,花牌坊
武汉,6号线,大智路
广州,8号线,鹅掌坦
成都,5号线,抚琴
上海,7号线,耀华路
郑州,郑许线,遵大路
广州,8号线,西村
苏州,11号线,神童泾
苏州,11号线,菉葭
上海,7号线,长清路
深圳,6号线/光明线,阳台山东
郑州,郑许线,苑陵故城西
重庆,9号线,天梨路
北京,7号线,广渠门内
西安,9号线,纺织城
杭州,4号线,景芳
苏州,11号线,花桥博览中心
武汉,6号线,江汉路
天津,10号线,方山道
南京,S9号线(宁高线),明觉
郑州,郑许线,洵美路
广州,8号线,彩虹桥
天津,10号线,金贸产业园
成都,5号线,中医大省医院
广州,8号线,陈家祠
成都,5号线,青羊宫
广州,8号线,华林寺
杭州,4号线,新塘
上海,7号线,后滩
上海,7号线,龙华中路
深圳,6号线/光明线,元芬
杭州,4号线,新风
苏州,11号线,集善
北京,7号线,磁器口
南京,S9号线(宁高线),团结圩
武汉,6号线,六渡桥
天津,10号线,龙涵道
广州,8号线,文化公园
成都,5号线,省骨科医院
西安,9号线,香王
重庆,9号线,沙坪坝
郑州,郑许线,龙王
上海,7号线,东安路
南京,S9号线(宁高线),高淳
深圳,6号线/光明线,上芬
上海,7号线,肇嘉浜路
杭州,4号线,火车东站
上海,7号线,常熟路
苏州,11号线,花溪公园
上海,7号线,静安寺
西安,9号线,灞柳二路
上海,7号线,昌平路
上海,7号线,长寿路
郑州,郑许线,龙王南
重庆,9号线,小龙坎
北京,7号线,桥湾
深圳,6号线/光明线,红山
武汉,6号线,汉正街
西安,9号线,田王
天津,10号线,环宇道
苏州,11号线,花桥
南京,10号线,安德门
成都,5号线,高升桥
广州,8号线,同福西
杭州,4号线,彭埠
成都,5号线,科园
郑州,郑许线,双鹤湖北
成都,5号线,九兴大道
杭州,4号线,明石路
郑州,郑许线,双鹤湖
深圳,6号线/光明线,深圳北站
成都,5号线,神仙树
广州,8号线,凤凰新村
重庆,9号线,土湾
北京,7号线,珠市口
西安,9号线,洪庆
天津,10号线,柳林路
武汉,6号线,武胜路
杭州,4号线,黎明
南京,10号线,小行
上海,7号线,镇坪路
广州,8号线,沙园
南京,10号线,中胜
深圳,6号线/光明线,梅林关
郑州,郑许线,双鹤湖南
重庆,9号线,红岩村
北京,7号线,虎坊桥
西安,9号线,紫霞三路
杭州,4号线,笕桥老街
上海,7号线,岚皋路
成都,5号线,石羊立交
天津,10号线,财经大学
武汉,6号线,琴台
广州,8号线,宝岗大道
武汉,6号线,钟家村
重庆,9号线,富华路
郑州,郑许线,八千
重庆,9号线,化龙桥
武汉,6号线,马鹦路
广州,8号线,昌岗
深圳,6号线/光明线,翰岭
广州,8号线,晓港
深圳,6号线/光明线,银湖
南京,10号线,元通
北京,7号线,菜市口
成都,5号线,市一医院
上海,7号线,新村路
天津,10号线,微山路
西安,9号线,凤凰池
杭州,4号线,华中南路
广州,8号线,中大
杭州,4号线,新天地街
广州,8号线,鹭江
南京,10号线,奥体中心
郑州,郑许线,双庙李
南京,10号线,梦都大街
重庆,9号线,李家坪
郑州,郑许线,大周
武汉,6号线,建港
南京,10号线,绿博园
南京,10号线,江心洲
广州,8号线,客村
深圳,6号线/光明线,八卦岭
武汉,6号线,前进村
成都,5号线,交子大道
北京,7号线,广安门内
重庆,9号线,蚂蝗梁
上海,7号线,大华三路
重庆,9号线,观音桥
西安,9号线,鹦鹉寺公园
天津,10号线,玛钢厂
郑州,郑许线,颍川路
天津,10号线,春海路
杭州,4号线,皋亭坝
郑州,郑许线,葛天源
深圳,6号线/光明线,体育中心
郑州,郑许线,永和路
杭州,4号线,桃源街
深圳,6号线/光明线,通新岭
南京,10号线,临江·青奥体育公园
郑州,郑许线,农大路
成都,5号线,锦城大道
广州,8号线,赤岗
武汉,6号线,国博中心北
上海,7号线,行知路
北京,7号线,达官营
广州,8号线,磨碟沙
重庆,9号线,鲤鱼池
广州,8号线,新港东
深圳,6号线/光明线,科学馆
郑州,郑许线,体育中心
南京,10号线,浦口万汇城
上海,7号线,大场镇
西安,9号线,芷阳广场
天津,10号线,南珠桥
杭州,4号线,吴家角港
武汉,6号线,国博中心南
成都,5号线,锦城湖
重庆,9号线,刘家台
北京,7号线,湾子
广州,8号线,琶洲
北京,7号线,北京西站
广州,8号线,万胜围
重庆,9号线,江北城
广州,9号线,高增
重庆,9号线,五里店
上海,7号线,场中路
武汉,6号线,老关村
广州,9号线,清塘
深圳,6号线支线,光明
郑州,郑许线,电气谷
南京,10号线,南京工业大学
西安,9号线,西工程大·西科大(临潼校区)
成都,5号线,大源
天津,10号线,友谊南路
杭州,4号线,独城生态公园
广州,9号线,清布
西安,9号线,西花园
北京,8号线,瀛海
重庆,9号线,溉澜溪
上海,7号线,上大路
深圳,6号线支线,圳美
广州,9号线,莲塘
成都,5号线,民乐
南京,10号线,龙华路
武汉,6号线,江城大道
深圳,6号线支线,中大
南京,10号线,文德路
郑州,郑许线,芙蓉湖
天津,10号线,江湾二支路
杭州,4号线,平安桥
深圳,6号线支线,深理工
西安,9号线,华清池
杭州,4号线,储运路
北京,8号线,德茂
广州,9号线,马鞍山公园
重庆,9号线,头塘
北京,8号线,五福堂
上海,7号线,南陈路
重庆,9号线,保税港
北京,8号线,火箭万源
成都,5号线,骑龙
重庆,9号线,何家梁
广州,9号线,花都广场
武汉,6号线,车城东路
重庆,9号线,石盘河
郑州,郑许线,鹿鸣湖
广州,9号线,花果山公园
天津,10号线,丽江道
南京,10号线,雨山路
上海,7号线,上海大学
深圳,7号线/西丽线,西丽湖
天津,10号线,昌凌路
西安,9号线,东三岔
杭州,4号线,杭行路
郑州,郑许线,许昌东站
西安,9号线,银桥大道
深圳,7号线/西丽线,西丽
广州,9号线,花城路
北京,8号线,东高地
西安,9号线,秦陵西
成都,5号线,警官学院
重庆,9号线,上湾路
天津,10号线,瑶环路
上海,7号线,祁华路
武汉,6号线,东风公司
广州,9号线,广州北站
武汉,7号线,横店
广州,9号线,花都汽车城
深圳,7号线/西丽线,茶光
天津,10号线,于台
深圳,7号线/西丽线,珠光
杭州,4号线,好运街
天津,11号线,东江道
广州,9号线,飞鹅岭
深圳,7号线/西丽线,龙井
广州,13号线,鱼珠
成都,5号线,二江寺
西安,14号线,贺韶
北京,8号线,和义
上海,7号线,顾村公园
重庆,9号线,青岗坪
深圳,7号线/西丽线,桃源村
广州,13号线,裕丰围
深圳,7号线/西丽线,深云
武汉,7号线,裕福路
广州,13号线,双岗
广州,13号线,南海神庙
深圳,7号线/西丽线,安托山
重庆,9号线,宝圣湖
上海,7号线,刘行
天津,11号线,学苑北路
杭州,4号线,金家渡
深圳,7号线/西丽线,农林
广州,13号线,夏园
西安,14号线,港务大道
重庆,9号线,兴科大道
北京,8号线,大红门南
武汉,7号线,天阳大道
成都,5号线,南湖立交
上海,7号线,潘广路
深圳,7号线/西丽线,车公庙
成都,5号线,怡心湖
深圳,7号线/西丽线,上沙
广州,13号线,南岗
深圳,7号线/西丽线,沙尾
广州,13号线,沙村
深圳,7号线/西丽线,石厦
上海,7号线,罗南新村
天津,11号线,海河东路
杭州,4号线,池华街
深圳,7号线/西丽线,皇岗村
杭州,5号线,金星
重庆,9号线,春华大道
西安,14号线,新寺
北京,8号线,海户屯
武汉,7号线,腾龙大道
广州,13号线,白江
广州,13号线,新塘
深圳,7号线/西丽线,福民
成都,5号线,龙马路
广州,13号线,官湖
北京,8号线,木樨园
重庆,9号线,兰桂大道
上海,7号线,美兰湖
杭州,5号线,绿汀路
武汉,7号线,巨龙大道
天津,11号线,环宇道
成都,5号线,回龙
西安,14号线,双寨
深圳,7号线/西丽线,皇岗口岸
广州,13号线,新沙
北京,8号线,永定门外
武汉,7号线,汤云海路
上海,8号线,沈杜公路
杭州,5号线,绿汀路
天津,11号线,雪莲南路
广州,14号线,嘉禾望岗
成都,6号线,望丛祠
西安,14号线,奥体中心
深圳,7号线/西丽线,赤尾
重庆,9号线,中央公园东
北京,8号线,天桥
重庆,9号线,丛岩寺
深圳,7号线/西丽线,华强南
重庆,9号线,花石沟
广州,14号线,白云东平
武汉,7号线,马池
重庆,10号线,兰花路
广州,14号线,夏良
深圳,7号线/西丽线,华强北
上海,8号线,联航路
重庆,10号线,南湖
成都,6号线,和平街
武汉,7号线,园博园北
上海,8号线,江月路
北京,8号线,珠市口
重庆,10号线,万寿路
西安,14号线,北辰
深圳,7号线/西丽线,华新
杭州,5号线,葛巷
天津,11号线,招远路
西安,14号线,西安工大·武德路
重庆,10号线,后堡
天津,11号线,东丽文体中心
广州,14号线,太和
天津,11号线,驯海路
西安,14号线,文景山公园
天津,11号线,东丽一经路
杭州,5号线,创景路
天津,11号线,东丽三经路
杭州,5号线,良睦路
深圳,7号线/西丽线,黄木岗
广州,14号线,竹料
天津,11号线,东丽六经路
武汉,7号线,园博园
北京,8号线,前门
成都,6号线,郫筒
上海,8号线,浦江镇
深圳,7号线/西丽线,八卦岭
广州,14号线,钟落潭
深圳,7号线/西丽线,红岭北
成都,6号线,蜀新大道
广州,14号线,马沥
重庆,10号线,七星岗
广州,14号线,新和
深圳,7号线/西丽线,笋岗
西安,14号线,西安北站
武汉,7号线,常码头
西安,14号线,渭河南
武汉,7号线,武汉商务区
深圳,7号线/西丽线,洪湖
杭州,5号线,杭师大仓前
北京,8号线,王府井
广州,14号线,太平
杭州,5号线,永福
广州,14号线,神岗
成都,6号线,檬梓
上海,8号线,芦恒路
重庆,10号线,大礼堂
广州,14号线,赤草
深圳,7号线/西丽线,田贝
深圳,7号线/西丽线,太安
深圳,9号线/梅林线,前湾
广州,14号线,从化客运站
西安,14号线,秦宫
成都,6号线,尚锦路
上海,8号线,凌兆新村
武汉,7号线,王家墩东
杭州,5号线,五常
北京,8号线,金鱼胡同
重庆,10号线,曾家岩
武汉,7号线,取水楼
西安,14号线,秦汉新城
成都,6号线,红高路
杭州,5号线,蒋村
广州,14号线,东风
重庆,10号线,鲤鱼池
北京,8号线,中国美术馆
杭州,5号线,浙大紫金港
上海,8号线,东方体育中心
武汉,7号线,香港路
西安,14号线,长陵
成都,6号线,天宇路
西安,14号线,摆旗寨
成都,6号线,犀浦
北京,8号线,南锣鼓巷
武汉,7号线,三阳路
成都,6号线,兴业北街
重庆,10号线,红土地
深圳,9号线/梅林线,梦海
深圳,9号线/梅林线,怡海
广州,14号线支线(知识城线),新和
重庆,10号线,龙头寺公园
深圳,9号线/梅林线,荔林
广州,14号线支线(知识城线),红卫
西安,14号线,艺术中心
上海,8号线,杨思
深圳,9号线/梅林线,南油西
北京,8号线,什刹海
杭州,5号线,三坝
武汉,7号线,徐家棚
西安,14号线,空港新城
上海,8号线,成山路
深圳,9号线/梅林线,南油
上海,8号线,耀华路
杭州,5号线,萍水街
成都,6号线,梓潼宫
上海,8号线,中华艺术宫
广州,14号线支线(知识城线),新南
重庆,10号线,重庆北站南广场
西安,14号线,机场西(T1/T2/T3)
重庆,10号线,重庆北站北广场
北京,8号线,鼓楼大街
广州,14号线支线(知识城线),枫下
武汉,7号线,湖北大学
深圳,9号线/梅林线,南山书城
广州,14号线支线(知识城线),知识城
深圳,9号线/梅林线,深大南
武汉,7号线,新河街
深圳,9号线/梅林线,粤海门
成都,6号线,侯家桥
杭州,5号线,和睦
广州,14号线支线(知识城线),何棠下
上海,8号线,西藏南路
成都,6号线,兴盛
西安,16号线,秦创原中心
上海,8号线,陆家浜路
广州,14号线支线(知识城线),旺村
重庆,10号线,民心佳园
北京,8号线,安德里北街
上海,8号线,老西门
北京,8号线,安华桥
深圳,9号线/梅林线,高新南
重庆,10号线,三亚湾
杭州,5号线,大运河
武汉,7号线,螃蟹岬
广州,14号线支线(知识城线),汤村
深圳,9号线/梅林线,红树湾南
成都,6号线,青杠
深圳,9号线/梅林线,深湾
广州,14号线支线(知识城线),镇龙北
武汉,7号线,小东门
西安,16号线,西咸大厦
广州,14号线支线(知识城线),镇龙
成都,6号线,西华大道
深圳,9号线/梅林线,深圳湾公园
广州,18号线,冼村
北京,8号线,北土城
西安,16号线,上林路
上海,8号线,大世界
重庆,10号线,上湾路
杭州,5号线,拱宸桥东
深圳,9号线/梅林线,下沙
成都,6号线,金府
上海,8号线,人民广场
广州,18号线,磨碟沙
武汉,7号线,武昌火车站
重庆,10号线,环山公园
北京,8号线,奥体中心
杭州,5号线,善贤
西安,16号线,复兴大道北
深圳,9号线/梅林线,车公庙
西安,16号线,西安国际足球中心
深圳,9号线/梅林线,香梅
广州,18号线,龙潭
深圳,9号线/梅林线,景田
武汉,7号线,瑞安街
深圳,9号线/梅林线,梅景
武汉,7号线,建安街
广州,18号线,沙溪
深圳,9号线/梅林线,下梅林
上海,8号线,曲阜路
重庆,10号线,长河
北京,8号线,奥林匹克公园
杭州,5号线,西文街
成都,6号线,星河
广州,18号线,南村万博
广州,18号线,番禺广场
深圳,9号线/梅林线,梅村
西安,16号线,细柳营
深圳,9号线/梅林线,上梅林
广州,18号线,横沥
深圳,9号线/梅林线,孖岭
广州,18号线,万顷沙
成都,6号线,西南交大
西安,16号线,沣东城市广场
广州,21号线,员村
深圳,9号线/梅林线,银湖
广州,21号线,天河公园
北京,8号线,森林公园南门
重庆,10号线,江北机场T3航站楼
上海,8号线,中兴路
深圳,9号线/梅林线,泥岗
成都,6号线,沙湾
杭州,5号线,东新园
西安,16号线,欢乐谷
武汉,7号线,湖工大
广州,21号线,棠东
武汉,7号线,板桥
北京,8号线,林萃桥
深圳,9号线/梅林线,红岭北
广州,21号线,黄村
深圳,9号线/梅林线,园岭
北京,8号线,永泰庄
广州,21号线,大观南路
广州,21号线,天河智慧城
北京,8号线,西小口
深圳,9号线/梅林线,红岭
武汉,7号线,野芷湖
北京,8号线,育新
深圳,9号线/梅林线,红岭南
西安,16号线,诗经里
北京,8号线,霍营
杭州,5号线,杭氧
成都,6号线,西北桥
重庆,10号线,江北机场T2航站楼
上海,8号线,西藏北路
广州,21号线,神舟路
深圳,9号线/梅林线,鹿丹村
广州,21号线,科学城
北京,8号线,回龙观东大街
深圳,9号线/梅林线,人民南
广州,21号线,苏元
重庆,10号线,渝北广场
上海,8号线,虹口足球场
成都,6号线,人民北路
杭州,5号线,打铁关
武汉,7号线,新路村
广州,21号线,水西
深圳,9号线/梅林线,向西村
上海,8号线,曲阳路
杭州,5号线,宝善桥
北京,8号线,平西府
成都,6号线,梁家巷
重庆,10号线,鹿山
武汉,7号线,大花岭
广州,21号线,长平
深圳,9号线/梅林线,文锦
广州,21号线,金坑
上海,8号线,四平路
杭州,5号线,建国北路
北京,8号线,育知路
成都,6号线,前锋路
武汉,7号线,江夏客厅
重庆,10号线,中央公园东
深圳,10号线/坂田线,双拥街
深圳,10号线/坂田线,平湖
重庆,10号线,中央公园
上海,8号线,鞍山新村
深圳,10号线/坂田线,禾花
广州,21号线,镇龙西
重庆,10号线,中央公园西
上海,8号线,江浦路
深圳,10号线/坂田线,华南城
广州,21号线,镇龙
杭州,5号线,万安桥
深圳,10号线/坂田线,木古
武汉,7号线,谭鑫培公园
成都,6号线,建设北路
北京,8号线,朱辛庄
广州,21号线,中新
广州,21号线,坑贝
深圳,10号线/坂田线,上李朗
上海,8号线,黄兴路
广州,21号线,凤岗
深圳,10号线/坂田线,凉帽山
广州,21号线,朱村
重庆,10号线,悦来
北京,9号线,郭公庄
深圳,10号线/坂田线,甘坑
广州,21号线,山田
重庆,10号线,王家庄
武汉,7号线,北华街
成都,6号线,新鸿路
杭州,5号线,城站
深圳,10号线/坂田线,雪象
广州,21号线,钟岗
上海,8号线,延吉中路
广州,21号线,增城广场
深圳,10号线/坂田线,岗头
广州,22号线,陈头岗
深圳,10号线/坂田线,华为
广州,22号线,广州南站
北京,9号线,丰台科技园
深圳,10号线/坂田线,贝尔路
广州,22号线,市广路
杭州,5号线,江城路
成都,6号线,玉双路
重庆,18号线,跳磴南
武汉,7号线,纸坊大街
广州,22号线,番禺广场
深圳,10号线/坂田线,坂田北
广州,APM线,广州塔
上海,8号线,黄兴公园
深圳,10号线/坂田线,五和
上海,8号线,翔殷路
广州,APM线,海心沙
深圳,10号线/坂田线,光雅园
深圳,10号线/坂田线,南坑
广州,APM线,大剧院
上海,8号线,嫩江路
北京,9号线,科怡路
北京,9号线,丰台南路
杭州,5号线,候潮门
武汉,7号线,青龙山地铁小镇
重庆,18号线,跳磴
成都,6号线,牛王庙
广州,APM线,花城大道
深圳,10号线/坂田线,雅宝
广州,APM线,妇儿中心
深圳,10号线/坂田线,孖岭
广州,APM线,黄埔大道
深圳,10号线/坂田线,冬瓜岭
武汉,8号线,金潭路
上海,8号线,市光路
深圳,10号线/坂田线,莲花村
深圳,10号线/坂田线,岗厦北
杭州,5号线,南星桥
北京,9号线,丰台东大街
重庆,18号线,金鳌山
深圳,10号线/坂田线,岗厦
成都,6号线,顺江路
深圳,10号线/坂田线,福民
深圳,10号线/坂田线,福田口岸
深圳,11号线/机场线,碧头
成都,6号线,三官堂
杭州,5号线,长河
广州,APM线,天河南
深圳,11号线/机场线,松岗
广州,APM线,体育中心南
广州,APM线,林和西
深圳,11号线/机场线,后亭
杭州,5号线,聚才路
上海,9号线,曹路
重庆,18号线,伏牛溪
武汉,8号线,宏图大道
成都,6号线,东光
深圳,11号线/机场线,沙井
北京,9号线,七里庄
广州,广佛线,沥滘
深圳,11号线/机场线,马安山
深圳,11号线/机场线,塘尾
广州,广佛线,南洲
深圳,11号线/机场线,桥头
北京,9号线,六里桥
广州,广佛线,石溪
成都,6号线,琉璃场
重庆,18号线,白居寺
杭州,5号线,江晖路
上海,9号线,民雷路
广州,广佛线,燕岗
深圳,11号线/机场线,福永
广州,广佛线,沙园
深圳,11号线/机场线,机场北
重庆,18号线,茄子溪
上海,9号线,顾唐路
武汉,8号线,塔子湖
北京,9号线,六里桥东
成都,6号线,琉三路
杭州,5号线,滨康路
深圳,11号线/机场线,机场
广州,广佛线,沙涌
武汉,8号线,中一路
重庆,18号线,巴滨路湿地公园
成都,6号线,金石路
杭州,5号线,博奥路
上海,9号线,金海路
北京,9号线,北京西站
广州,广佛线,鹤洞
深圳,11号线/机场线,碧海湾
武汉,8号线,竹叶山
上海,9号线,金吉路
武汉,8号线,赵家条
杭州,5号线,金鸡路
北京,9号线,军事博物馆
成都,6号线,金融城东
重庆,18号线,花溪工业园
广州,广佛线,西塱
深圳,11号线/机场线,宝安
深圳,11号线/机场线,前海湾
广州,广佛线,菊树
深圳,11号线/机场线,南山
广州,广佛线,龙溪
广州,广佛线,金融高新区
上海,9号线,金桥
深圳,11号线/机场线,后海
武汉,8号线,黄浦路
广州,广佛线,千灯湖
上海,9号线,台儿庄路
深圳,11号线/机场线,红树湾南
广州,广佛线,礌岗
深圳,11号线/机场线,车公庙
广州,广佛线,南桂路
北京,9号线,白堆子
上海,9号线,蓝天路
武汉,8号线,徐家棚
成都,6号线,中和
重庆,18号线,重庆理工大学
杭州,5号线,人民广场
上海,9号线,芳甸路
北京,9号线,白石桥南
深圳,11号线/机场线,福田
深圳,11号线/机场线,岗厦北
武汉,8号线,徐东
广州,广佛线,桂城
深圳,12号线/南宝线,海上田园东
成都,6号线,张家寺
重庆,18号线,李家沱大桥
深圳,12号线/南宝线,海上田园南
广州,广佛线,朝安
广州,广佛线,普君北路
北京,9号线,国家图书馆
成都,6号线,陆肖
上海,9号线,杨高中路
重庆,18号线,电厂
深圳,12号线/南宝线,国展北
广州,广佛线,祖庙
武汉,8号线,汪家墩
杭州,5号线,育才北路
北京,10号线,巴沟
广州,广佛线,同济路
北京,10号线,苏州街
武汉,8号线,岳家嘴
北京,10号线,海淀黄庄
广州,广佛线,季华园
深圳,12号线/南宝线,国展
广州,广佛线,魁奇路
深圳,12号线/南宝线,福海西
武汉,8号线,梨园
杭州,5号线,通惠中路
北京,10号线,知春里
上海,9号线,世纪大道
重庆,18号线,四川美术学院
成都,6号线,观东
广州,广佛线,澜石
深圳,12号线/南宝线,桥头西
上海,9号线,商城路
成都,6号线,新通大道
上海,9号线,小南门
成都,6号线,新川路
上海,9号线,陆家浜路
成都,6号线,龙灯山
上海,9号线,马当路
广州,广佛线,世纪莲
武汉,8号线,省博湖北日报
重庆,18号线,黄桷坪
北京,10号线,知春路
杭州,5号线,火车南站
重庆,18号线,滩子口
深圳,12号线/南宝线,福永
武汉,8号线,中南医院
深圳,12号线/南宝线,怀德
武汉,8号线,水果湖
深圳,12号线/南宝线,福围
广州,广佛线,东平
成都,6号线,蒲草塘
上海,9号线,打浦桥
深圳,12号线/南宝线,机场东
北京,10号线,西土城
上海,9号线,嘉善路
杭州,5号线,双桥
深圳,12号线/南宝线,兴围
重庆,18号线,杨家坪
广州,广佛线,新城东
重庆,18号线,石坪桥
深圳,12号线/南宝线,黄田
武汉,8号线,洪山路
杭州,5号线,姑娘桥
深圳,12号线/南宝线,钟屋南
成都,6号线,万安
杭州,6号线(桂花西路-枸桔弄),枸桔弄
成都,6号线,麓山大道
北京,10号线,牡丹园
上海,9号线,肇嘉浜路
深圳,12号线/南宝线,西乡桃源
杭州,6号线(桂花西路-枸桔弄),火车东站(东广场)
成都,6号线,沈阳路
重庆,18号线,奥体中心
深圳,12号线/南宝线,平峦山
北京,10号线,健德门
武汉,8号线,小洪山
上海,9号线,徐家汇
北京,10号线,北土城
上海,9号线,宜山路
北京,10号线,安贞门
上海,9号线,桂林路
北京,10号线,惠新西街南口
上海,9号线,漕河泾开发区
北京,10号线,芍药居
深圳,12号线/南宝线,宝田一路
深圳,12号线/南宝线,宝安客运站
上海,9号线,合川路
杭州,6号线(桂花西路-枸桔弄),元宝塘
重庆,18号线,富华路
武汉,8号线,街道口
成都,6号线,青岛路
深圳,12号线/南宝线,流塘
北京,10号线,太阳宫
深圳,12号线/南宝线,上川
深圳,12号线/南宝线,灵芝
深圳,12号线/南宝线,新安公园
深圳,12号线/南宝线,同乐南
成都,6号线,昌公堰
深圳,12号线/南宝线,中山公园
杭州,6号线(桂花西路-枸桔弄),昙花庵路
北京,10号线,三元桥
重庆,环线,重庆图书馆
成都,6号线,杭州路
上海,9号线,星中路
北京,10号线,亮马桥
武汉,8号线,马房山
上海,9号线,七宝
深圳,12号线/南宝线,南头古城
深圳,12号线/南宝线,桃园
上海,9号线,中春路
北京,10号线,农业展览馆
武汉,8号线,文治街
成都,6号线,天府商务区
深圳,12号线/南宝线,南山
成都,6号线,西博城
深圳,12号线/南宝线,南光
重庆,环线,天星桥
武汉,8号线,文昌路
深圳,12号线/南宝线,南油
武汉,8号线,省农科院
重庆,环线,沙坪坝
北京,10号线,团结湖
杭州,6号线(桂花西路-枸桔弄),三堡
上海,9号线,九亭
深圳,12号线/南宝线,四海
杭州,6号线(桂花西路-枸桔弄),亚运村
上海,9号线,泗泾
重庆,环线,重庆大学
成都,6号线,秦皇寺
武汉,8号线,马湖
重庆,环线,玉带山
武汉,8号线,野芷湖
重庆,环线,南桥寺
深圳,12号线/南宝线,花果山
深圳,12号线/南宝线,海上世界
重庆,环线,体育公园
北京,10号线,呼家楼
重庆,环线,冉家坝
北京,10号线,金台夕照
深圳,12号线/南宝线,太子湾
上海,9号线,佘山
杭州,6号线(桂花西路-枸桔弄),丰北
北京,10号线,国贸
成都,6号线,松林
深圳,12号线/南宝线,左炮台东
武汉,8号线,黄家湖地铁小镇
重庆,环线,动步公园
成都,6号线,芦角
深圳,14号线/东部快线,岗厦北
重庆,环线,洪湖东路
深圳,14号线/东部快线,黄木岗
杭州,6号线(桂花西路-枸桔弄),钱江世纪城
武汉,8号线,军运村
北京,10号线,双井
上海,9号线,洞泾
成都,6号线,钓鱼嘴
重庆,环线,民安大道
深圳,14号线/东部快线,罗湖北
重庆,环线,重庆北站南广场
深圳,14号线/东部快线,布吉
上海,9号线,松江大学城
武汉,11号线,武汉东站
杭州,6号线(桂花西路-枸桔弄),博览中心
成都,6号线,回龙
北京,10号线,劲松
深圳,14号线/东部快线,石芽岭
成都,6号线,兰家沟
上海,9号线,松江新城
杭州,6号线(桂花西路-枸桔弄),奥体中心
北京,10号线,潘家园
重庆,环线,渝鲁
武汉,11号线,湖口
深圳,14号线/东部快线,六约北
上海,9号线,松江体育中心
成都,7号线,火车北站
武汉,11号线,光谷同济医院
北京,10号线,十里河
杭州,6号线(桂花西路-枸桔弄),星民
深圳,14号线/东部快线,四联
杭州,6号线(桂花西路-枸桔弄),江陵路
深圳,14号线/东部快线,坳背
武汉,11号线,光谷生物园
杭州,6号线(桂花西路-枸桔弄),江汉路
武汉,11号线,光谷四路
杭州,6号线(桂花西路-枸桔弄),长河
重庆,环线,五里店
北京,10号线,分钟寺
深圳,14号线/东部快线,大运
深圳,14号线/东部快线,嶂背
杭州,6号线(桂花西路-枸桔弄),建业路
上海,9号线,醉白池
北京,10号线,成寿寺
武汉,11号线,光谷五路
重庆,环线,弹子石
成都,7号线,北站西二路
深圳,14号线/东部快线,南约
重庆,环线,涂山
成都,7号线,九里堤
上海,9号线,松江南站
武汉,11号线,光谷六路
北京,10号线,宋家庄
深圳,14号线/东部快线,宝龙
杭州,6号线(桂花西路-枸桔弄),诚业路
重庆,环线,仁济
深圳,14号线/东部快线,锦龙
重庆,环线,上新街
北京,10号线,石榴庄
深圳,14号线/东部快线,坪山围
上海,10号线(航中路-基隆路),基隆路
重庆,环线,上浩
北京,10号线,大红门
武汉,11号线,豹澥
上海,10号线(航中路-基隆路),港城路
深圳,14号线/东部快线,坪山广场
重庆,环线,海棠溪
北京,10号线,角门东
杭州,6号线(桂花西路-枸桔弄),伟业路
北京,10号线,角门西
深圳,14号线/东部快线,坪山中心
成都,7号线,西南交大
深圳,14号线/东部快线,坑梓
深圳,14号线/东部快线,沙田
成都,7号线,花照壁
深圳,16号线/龙坪线,大运
深圳,16号线/龙坪线,大运中心
上海,10号线(航中路-基隆路),高桥
深圳,16号线/龙坪线,龙城公园
武汉,11号线,光谷七路
成都,7号线,茶店子
深圳,16号线/龙坪线,黄阁坑
重庆,环线,罗家坝
北京,10号线,草桥
深圳,16号线/龙坪线,愉园
杭州,6号线(桂花西路-枸桔弄),中医药大学
北京,10号线,纪家庙
深圳,16号线/龙坪线,回龙埔
上海,10号线(航中路-基隆路),高桥西
深圳,16号线/龙坪线,尚景
上海,10号线(航中路-基隆路),双江路
深圳,16号线/龙坪线,盛平
上海,10号线(航中路-基隆路),国帆路
杭州,6号线(桂花西路-枸桔弄),西浦路
武汉,11号线,长岭山
深圳,16号线/龙坪线,龙园
成都,7号线,一品天下
上海,10号线(航中路-基隆路),新江湾城
重庆,环线,四公里
成都,7号线,金沙博物馆
深圳,16号线/龙坪线,双龙
深圳,16号线/龙坪线,新塘围
成都,7号线,文化宫
北京,10号线,首经贸
上海,10号线(航中路-基隆路),殷高东路
深圳,16号线/龙坪线,龙东
上海,10号线(航中路-基隆路),三门路
上海,10号线(航中路-基隆路),江湾体育场
深圳,16号线/龙坪线,宝龙同乐
北京,10号线,丰台站
上海,10号线(航中路-基隆路),五角场
杭州,6号线(桂花西路-枸桔弄),之江文化中心
上海,10号线(航中路-基隆路),国权路
成都,7号线,东坡路
武汉,11号线,未来一路
重庆,环线,南湖
深圳,16号线/龙坪线,坪山
成都,7号线,龙爪堰
杭州,6号线(桂花西路-枸桔弄),枫桦西路
杭州,6号线(桂花西路-枸桔弄),美院象山
成都,7号线,武侯大道
北京,10号线,泥洼
深圳,16号线/龙坪线,新和
重庆,环线,海峡路
上海,10号线(航中路-基隆路),同济大学
成都,7号线,太平园
北京,10号线,西局
武汉,11号线,未来三路
杭州,6号线(桂花西路-枸桔弄),音乐学院
深圳,16号线/龙坪线,六和
上海,10号线(航中路-基隆路),四平路
重庆,环线,谢家湾
深圳,16号线/龙坪线,坪山围
杭州,6号线(桂花西路-枸桔弄),中村
成都,7号线,高朋大道
上海,10号线(航中路-基隆路),邮电新村
北京,10号线,六里桥
深圳,16号线/龙坪线,坪环
成都,7号线,神仙树
深圳,16号线/龙坪线,东纵纪念馆
北京,10号线,莲花桥
深圳,16号线/龙坪线,沙壆
成都,7号线,火车南站
上海,10号线(航中路-基隆路),海伦路
杭州,6号线(桂花西路-枸桔弄),野生动物园东
北京,10号线,公主坟
武汉,11号线,左岭
深圳,16号线/龙坪线,燕子湖
上海,10号线(航中路-基隆路),四川北路
武汉,11号线,葛店南站
重庆,环线,奥体中心
深圳,16号线/龙坪线,石井
深圳,16号线/龙坪线,技术大学
深圳,16号线/龙坪线,田心
深圳,20号线,机场北
深圳,20号线,国展南
成都,7号线,三瓦窑
深圳,20号线,国展
深圳,20号线,国展北
杭州,6号线(桂花西路-枸桔弄),银湖
重庆,环线,陈家坪
北京,10号线,西钓鱼台
上海,10号线(航中路-基隆路),天潼路
深圳,20号线,会展城
武汉,16号线,国博中心南
上海,10号线(航中路-基隆路),南京东路
成都,7号线,琉璃场
成都,7号线,四川师大
成都,7号线,狮子山
武汉,16号线,老关村
杭州,6号线(桂花西路-枸桔弄),虎啸杏
上海,10号线(航中路-基隆路),豫园
北京,10号线,慈寿寺
重庆,环线,彩云湖
成都,7号线,大观
杭州,6号线(桂花西路-枸桔弄),受降
成都,7号线,成都东客站
武汉,16号线,南太子湖
上海,10号线(航中路-基隆路),老西门
北京,10号线,车道沟
重庆,环线,二郎
上海,10号线(航中路-基隆路),一大会址·新天地
北京,10号线,长春桥
杭州,6号线(桂花西路-枸桔弄),富阳客运中心
重庆,环线,华龙
武汉,16号线,沌口
北京,10号线,火器营
武汉,16号线,小军山
武汉,16号线,枫林
北京,11号线,模式口
杭州,6号线(桂花西路-枸桔弄),高桥
重庆,环线,重庆西站
成都,7号线,迎晖路
北京,11号线,金安桥
北京,11号线,北辛安
杭州,6号线(桂花西路-枸桔弄),阳陂湖
武汉,16号线,大军山
成都,7号线,槐树店
重庆,环线,上桥
上海,10号线(航中路-基隆路),陕西南路
北京,11号线,新首钢
杭州,6号线(桂花西路-枸桔弄),公望街
北京,13号线,西直门
杭州,6号线(桂花西路-枸桔弄),桂花西路
杭州,6号线(双浦-枸桔弄),枸桔弄
北京,13号线,大钟寺
武汉,16号线,桂子湖
杭州,6号线(双浦-枸桔弄),火车东站(东广场)
武汉,16号线,马影河
杭州,6号线(双浦-枸桔弄),元宝塘
武汉,16号线,协子河
杭州,6号线(双浦-枸桔弄),昙花庵路
成都,7号线,双店路
重庆,环线,凤鸣山
上海,10号线(航中路-基隆路),上海图书馆
武汉,16号线,湾湖
成都,7号线,崔家店
武汉,16号线,周家河
北京,13号线,知春路
成都,7号线,理工大学
上海,10号线(航中路-基隆路),交通大学
武汉,16号线,纱帽
杭州,6号线(双浦-枸桔弄),三堡
北京,13号线,五道口
上海,10号线(航中路-基隆路),虹桥路
北京,13号线,上地
重庆,江跳线,跳磴
北京,13号线,清河站
成都,7号线,二仙桥
上海,10号线(航中路-基隆路),宋园路
上海,10号线(航中路-基隆路),伊犁路
成都,7号线,八里庄
重庆,江跳线,石林寺
重庆,江跳线,九龙园
杭州,6号线(双浦-枸桔弄),亚运村
武汉,16号线,通航机场
北京,13号线,西二旗
杭州,6号线(双浦-枸桔弄),丰北
杭州,6号线(双浦-枸桔弄),钱江世纪城
上海,10号线(航中路-基隆路),水城路
北京,13号线,龙泽
武汉,19号线,新月溪公园
上海,10号线(航中路-基隆路),龙溪路
重庆,江跳线,双福
成都,7号线,府青路
杭州,6号线(双浦-枸桔弄),博览中心
武汉,19号线,光谷五路
北京,13号线,回龙观
上海,10号线(航中路-基隆路),龙柏新村
成都,7号线,驷马桥
北京,13号线,霍营
武汉,19号线,花山河
北京,13号线,立水桥
武汉,19号线,花山新城
北京,13号线,北苑
杭州,6号线(双浦-枸桔弄),奥体中心
成都,8号线,十里店
北京,13号线,望京西
武汉,19号线,鼓架山
上海,10号线(航中路-基隆路),紫藤路
重庆,江跳线,享堂
武汉,19号线,武东
重庆,江跳线,江津高铁
上海,10号线(航中路-基隆路),航中路
上海,10号线(虹桥火车站-基隆路),基隆路
武汉,19号线,武汉站西广场
杭州,6号线(双浦-枸桔弄),星民
重庆,江跳线,圣泉寺
上海,10号线(虹桥火车站-基隆路),港城路
杭州,6号线(双浦-枸桔弄),江陵路
上海,10号线(虹桥火车站-基隆路),高桥
杭州,6号线(双浦-枸桔弄),江汉路
成都,8号线,理工大学
北京,13号线,芍药居
北京,13号线,光熙门
上海,10号线(虹桥火车站-基隆路),高桥西
杭州,6号线(双浦-枸桔弄),长河
武汉,21号线(阳逻线),后湖大道
上海,10号线(虹桥火车站-基隆路),双江路
武汉,21号线(阳逻线),百步亭花园路
成都,8号线,东郊记忆
杭州,6号线(双浦-枸桔弄),建业路
北京,13号线,柳芳
成都,8号线,杉板桥
上海,10号线(虹桥火车站-基隆路),国帆路
武汉,21号线(阳逻线),新荣
杭州,6号线(双浦-枸桔弄),诚业路
成都,8号线,万年路
武汉,21号线(阳逻线),幸福湾
北京,13号线,东直门
上海,10号线(虹桥火车站-基隆路),新江湾城
武汉,21号线(阳逻线),朱家河
杭州,6号线(双浦-枸桔弄),伟业路
武汉,21号线(阳逻线),谌家矶
北京,14号线,善各庄
成都,8号线,双桥路
武汉,21号线(阳逻线),青龙
杭州,6号线(双浦-枸桔弄),中医药大学
上海,10号线(虹桥火车站-基隆路),殷高东路
北京,14号线,来广营
武汉,21号线(阳逻线),高车
上海,10号线(虹桥火车站-基隆路),三门路
上海,10号线(虹桥火车站-基隆路),江湾体育场
武汉,21号线(阳逻线),武湖
北京,14号线,东湖渠
杭州,6号线(双浦-枸桔弄),西浦路
北京,14号线,望京
杭州,6号线(双浦-枸桔弄),之江文化中心
杭州,6号线(双浦-枸桔弄),枫桦西路
北京,14号线,阜通
杭州,6号线(双浦-枸桔弄),美院象山
上海,10号线(虹桥火车站-基隆路),五角场
成都,8号线,东大路
北京,14号线,望京南
北京,14号线,将台
杭州,6号线(双浦-枸桔弄),霞鸣街
成都,8号线,净居寺
北京,14号线,东风北桥
成都,8号线,东光
上海,10号线(虹桥火车站-基隆路),国权路
北京,14号线,枣营
武汉,21号线(阳逻线),沙口
成都,8号线,东湖公园
杭州,6号线(双浦-枸桔弄),科海路
杭州,6号线(双浦-枸桔弄),双浦
武汉,21号线(阳逻线),军民村
北京,14号线,朝阳公园
成都,8号线,川大望江校区
上海,10号线(虹桥火车站-基隆路),同济大学
上海,10号线(虹桥火车站-基隆路),四平路
杭州,7号线,江东二路
武汉,21号线(阳逻线),武生院
北京,14号线,金台路
上海,10号线(虹桥火车站-基隆路),邮电新村
成都,8号线,倪家桥
北京,14号线,大望路
杭州,7号线,启成路
武汉,21号线(阳逻线),阳逻
北京,14号线,九龙山
上海,10号线(虹桥火车站-基隆路),海伦路
成都,8号线,芳草街
武汉,21号线(阳逻线),阳逻开发区
杭州,7号线,青六中路
北京,14号线,平乐园
上海,10号线(虹桥火车站-基隆路),四川北路
上海,10号线(虹桥火车站-基隆路),天潼路
武汉,21号线(阳逻线),施岗
上海,10号线(虹桥火车站-基隆路),南京东路
武汉,21号线(阳逻线),金台
北京,14号线,北工大西门
上海,10号线(虹桥火车站-基隆路),豫园
成都,8号线,永丰
上海,10号线(虹桥火车站-基隆路),老西门
成都,8号线,九兴大道
上海,10号线(虹桥火车站-基隆路),一大会址·新天地
成都,8号线,高朋大道
杭州,7号线,塘新线
北京,14号线,十里河
成都,8号线,殷家林
杭州,7号线,义蓬
上海,10号线(虹桥火车站-基隆路),陕西南路
上海,10号线(虹桥火车站-基隆路),上海图书馆
北京,14号线,方庄
北京,14号线,蒲黄榆
北京,14号线,景泰
杭州,7号线,新镇路
上海,10号线(虹桥火车站-基隆路),交通大学
成都,8号线,庆安
成都,8号线,石羊
杭州,7号线,永盛路
杭州,7号线,萧山国际机场
杭州,7号线,新港
北京,14号线,永定门外
上海,10号线(虹桥火车站-基隆路),虹桥路
成都,8号线,三元
杭州,7号线,坎山
杭州,7号线,盈中
成都,8号线,顺风
北京,14号线,北京南站
杭州,7号线,合欢路
北京,14号线,景风门
上海,10号线(虹桥火车站-基隆路),宋园路
成都,8号线,珠江路
北京,14号线,西铁营
杭州,7号线,新街
上海,10号线(虹桥火车站-基隆路),伊犁路
成都,8号线,川大江安校区
杭州,7号线,新汉路
北京,14号线,菜户营
北京,14号线,丽泽商务区
成都,8号线,文星
杭州,7号线,新兴路
上海,10号线(虹桥火车站-基隆路),水城路
北京,14号线,东管头
上海,10号线(虹桥火车站-基隆路),龙溪路
北京,14号线,西局
杭州,7号线,建设三路
北京,14号线,七里庄
成都,8号线,莲花
北京,14号线,大井
上海,10号线(虹桥火车站-基隆路),上海动物园
杭州,7号线,明星路
成都,9号线,黄田坝
上海,10号线(虹桥火车站-基隆路),虹桥1号航站楼
成都,9号线,成都西站
杭州,7号线,兴议
上海,10号线(虹桥火车站-基隆路),虹桥2号航站楼
成都,9号线,培风
北京,14号线,郭庄子
上海,10号线(虹桥火车站-基隆路),虹桥火车站
成都,9号线,机投桥
杭州,7号线,奥体中心
北京,14号线,大瓦窑
上海,11号线(嘉定北-迪士尼),嘉定北
北京,14号线,园博园
上海,11号线(嘉定北-迪士尼),嘉定西
成都,9号线,武青南路
上海,11号线(嘉定北-迪士尼),白银路
成都,9号线,簇桥
杭州,7号线,市民中心
北京,14号线,张郭庄
杭州,7号线,观音塘
上海,11号线(嘉定北-迪士尼),嘉定新城
成都,9号线,华兴
北京,15号线,俸伯
杭州,7号线,莫邪塘
成都,9号线,太平寺
北京,15号线,顺义
杭州,7号线,江城路
成都,9号线,三元
上海,11号线(嘉定北-迪士尼),马陆
北京,15号线,石门
成都,9号线,锦城大道
成都,9号线,孵化园
成都,9号线,心岛
成都,9号线,金融城东
成都,10号线,太平园
北京,15号线,南法信
杭州,7号线,吴山广场
成都,10号线,簇锦
上海,11号线(嘉定北-迪士尼),陈翔公路
北京,15号线,后沙峪
成都,10号线,华兴
杭州,8号线,文海南路
上海,11号线(嘉定北-迪士尼),南翔
杭州,8号线,工商大学云滨
上海,11号线(嘉定北-迪士尼),桃浦新村
北京,15号线,花梨坎
上海,11号线(嘉定北-迪士尼),武威路
上海,11号线(嘉定北-迪士尼),祁连山路
北京,15号线,国展
杭州,8号线,桥头堡
成都,10号线,金花
上海,11号线(嘉定北-迪士尼),李子园
上海,11号线(嘉定北-迪士尼),上海西站
成都,10号线,双流机场1航站楼
北京,15号线,孙河
杭州,8号线,河庄路
北京,15号线,马泉营
杭州,8号线,青西三路
杭州,8号线,青六中路
上海,11号线(嘉定北-迪士尼),真如
上海,11号线(嘉定北-迪士尼),枫桥路
杭州,8号线,仓北村
杭州,8号线,冯娄村
成都,10号线,双流机场2航站楼
上海,11号线(嘉定北-迪士尼),曹杨路
上海,11号线(嘉定北-迪士尼),隆德路
成都,10号线,双流西站
成都,10号线,应天寺
北京,15号线,崔各庄
杭州,8号线,新湾路
上海,11号线(嘉定北-迪士尼),江苏路
杭州,9号线,龙安
北京,15号线,望京东
成都,10号线,黄水
成都,10号线,花源
杭州,9号线,五洲路
上海,11号线(嘉定北-迪士尼),交通大学
北京,15号线,望京
上海,11号线(嘉定北-迪士尼),徐家汇
上海,11号线(嘉定北-迪士尼),上海游泳馆
北京,15号线,望京西
杭州,9号线,荷禹路
北京,15号线,关庄
成都,10号线,新津站
北京,15号线,大屯路东
成都,10号线,花桥
上海,11号线(嘉定北-迪士尼),龙华
杭州,9号线,邱山大街
北京,15号线,安立路
杭州,9号线,临平
北京,15号线,奥林匹克公园
上海,11号线(嘉定北-迪士尼),云锦路
成都,10号线,五津
北京,15号线,北沙滩
上海,11号线(嘉定北-迪士尼),龙耀路
上海,11号线(嘉定北-迪士尼),东方体育中心
北京,15号线,六道口
上海,11号线(嘉定北-迪士尼),三林
北京,15号线,清华东路西口
成都,10号线,儒林路
上海,11号线(嘉定北-迪士尼),三林东
北京,16号线,北安河
成都,10号线,刘家碾
杭州,9号线,南苑
上海,11号线(嘉定北-迪士尼),浦三路
杭州,9号线,临平南高铁站
北京,16号线,温阳路
成都,10号线,新平
上海,11号线(嘉定北-迪士尼),御桥
北京,16号线,稻香湖路
杭州,9号线,翁梅
成都,17号线,九江北
上海,11号线(嘉定北-迪士尼),罗山路
上海,11号线(嘉定北-迪士尼),秀沿路
成都,17号线,白佛桥
北京,16号线,屯佃
杭州,9号线,乔司
上海,11号线(嘉定北-迪士尼),康新公路
上海,11号线(嘉定北-迪士尼),迪士尼
北京,16号线,永丰
上海,11号线(花桥-迪士尼),迪士尼
北京,16号线,永丰南
成都,17号线,机投桥
杭州,9号线,乔司南
北京,16号线,西北旺
杭州,9号线,客运中心
北京,16号线,马连洼
北京,16号线,农大南路
北京,16号线,西苑
北京,16号线,万泉河桥
成都,18号线,火车南站
成都,18号线,孵化园
北京,16号线,苏州街
上海,11号线(花桥-迪士尼),康新公路
成都,18号线,锦城广场东
杭州,9号线,九睦路
北京,16号线,苏州桥
上海,11号线(花桥-迪士尼),秀沿路
上海,11号线(花桥-迪士尼),罗山路
杭州,9号线,红普南路
杭州,9号线,六堡
成都,18号线,世纪城
上海,11号线(花桥-迪士尼),御桥
成都,18号线,海昌路
北京,16号线,万寿寺
北京,16号线,国家图书馆
北京,16号线,二里沟
北京,16号线,甘家口
成都,18号线,西博城
杭州,9号线,五堡
上海,11号线(花桥-迪士尼),浦三路
杭州,9号线,御道
成都,18号线,兴隆
成都,18号线,天府站
上海,11号线(花桥-迪士尼),三林东
杭州,9号线,三堡
成都,18号线,三岔
北京,16号线,玉渊潭东门
上海,11号线(花桥-迪士尼),三林
北京,16号线,木樨地
上海,11号线(花桥-迪士尼),东方体育中心
上海,11号线(花桥-迪士尼),龙耀路
成都,18号线,福田
成都,18号线,天府机场1号2号航站楼
上海,11号线(花桥-迪士尼),云锦路
北京,16号线,达官营
北京,16号线,红莲南路
成都,18号线,天府机场北
上海,11号线(花桥-迪士尼),龙华
上海,11号线(花桥-迪士尼),上海游泳馆
杭州,9号线,江河汇
上海,11号线(花桥-迪士尼),徐家汇
杭州,9号线,钱江路
成都,19号线,天府机场北
上海,11号线(花桥-迪士尼),交通大学
北京,16号线,东管头南
上海,11号线(花桥-迪士尼),江苏路
成都,19号线,天府机场1号2号航站楼
北京,16号线,丰台站
北京,16号线,丰台南路
上海,11号线(花桥-迪士尼),隆德路
成都,19号线,福田
杭州,9号线,新业路
成都,19号线,三岔
杭州,9号线,观音塘
上海,11号线(花桥-迪士尼),曹杨路
杭州,10号线,逸盛路
成都,19号线,天府站
北京,16号线,富丰桥
上海,11号线(花桥-迪士尼),枫桥路
北京,16号线,看丹
上海,11号线(花桥-迪士尼),真如
上海,11号线(花桥-迪士尼),上海西站
杭州,10号线,金德路
北京,16号线,榆树庄
北京,16号线,洪泰庄
杭州,10号线,杭行路
上海,11号线(花桥-迪士尼),李子园
成都,19号线,蓝家店
北京,16号线,宛平城
上海,11号线(花桥-迪士尼),祁连山路
杭州,10号线,祥园路
杭州,10号线,渡驾桥
成都,19号线,天府商务区
北京,17号线,十里河
上海,11号线(花桥-迪士尼),武威路
杭州,10号线,花园岗
北京,17号线,周家庄
上海,11号线(花桥-迪士尼),桃浦新村
杭州,10号线,和睦
成都,19号线,红莲
北京,17号线,十八里店
上海,11号线(花桥-迪士尼),南翔
上海,11号线(花桥-迪士尼),陈翔公路
北京,17号线,北神树
杭州,10号线,北大桥
杭州,10号线,翠柏路
杭州,10号线,学院路
上海,11号线(花桥-迪士尼),马陆
北京,17号线,次渠北
成都,19号线,正兴湾
杭州,10号线,文三路
上海,11号线(花桥-迪士尼),嘉定新城
杭州,10号线,黄龙体育中心
上海,11号线(花桥-迪士尼),上海赛车场
杭州,16号线,九州街
成都,19号线,怡心湖
北京,17号线,次渠
杭州,16号线,临安广场
北京,17号线,嘉会湖
成都,19号线,牧华路
上海,11号线(花桥-迪士尼),昌吉东路
上海,11号线(花桥-迪士尼),上海汽车城
杭州,16号线,农林大学
杭州,16号线,青山湖
上海,11号线(花桥-迪士尼),安亭
成都,19号线,温家山
杭州,16号线,八百里
上海,11号线(花桥-迪士尼),兆丰路
北京,17号线北段,未来科学城北
上海,11号线(花桥-迪士尼),光明路
北京,17号线北段,未来科学城
杭州,16号线,青山湖科技城
成都,19号线,龙港
杭州,16号线,南峰
上海,11号线(花桥-迪士尼),花桥
